{
	"textures": {
		"stand": "block/brewing_stand",
		"bottle": "item/glass_bottle",
		"contents": "block/potion_overlay0",
        "particle": "block/brewing_stand"
	},
	"elements": [
		{
			"from": [8, 0, 8],
			"to": [16, 16, 8],
			"faces": {
				"north": {"uv": [0, 0, 8, 16], "texture": "#stand"},
				"south": {"uv": [8, 0, 0, 16], "texture": "#stand"}
			}
		},
		{
			"from": [10.875, 2, 5.375],
			"to": [16.125, 6.5, 10.625],
			"faces": {
				"north": {"uv": [3.5, 3.5, 7, 6.5], "texture": "#bottle"},
				"east": {"uv": [0, 3.5, 3.5, 6.5], "texture": "#bottle"},
				"south": {"uv": [10.5, 3.5, 14, 6.5], "texture": "#bottle"},
				"west": {"uv": [7, 3.5, 10.5, 6.5], "texture": "#bottle"},
				"up": {"uv": [7, 3.5, 3.5, 0], "texture": "#bottle"},
				"down": {"uv": [10.5, 0, 7, 3.5], "texture": "#bottle"}
			}
		},
		{
			"from": [12.375, 6.5, 6.875],
			"to": [14.625, 7.25, 9.125],
			"faces": {
				"north": {"uv": [1.5, 8, 3, 8.5], "texture": "#bottle"},
				"east": {"uv": [0, 8, 1.5, 8.5], "texture": "#bottle"},
				"south": {"uv": [4.5, 8, 6, 8.5], "texture": "#bottle"},
				"west": {"uv": [3, 8, 4.5, 8.5], "texture": "#bottle"},
				"up": {"uv": [3, 8, 1.5, 6.5], "texture": "#bottle"},
				"down": {"uv": [4.5, 6.5, 3, 8], "texture": "#bottle"}
			}
		},
		{
			"from": [11.625, 7.25, 6.125],
			"to": [15.375, 8.75, 9.875],
			"faces": {
				"north": {"uv": [8.5, 9, 11, 10], "texture": "#bottle"},
				"east": {"uv": [6, 9, 8.5, 10], "texture": "#bottle"},
				"south": {"uv": [13.5, 9, 16, 10], "texture": "#bottle"},
				"west": {"uv": [11, 9, 13.5, 10], "texture": "#bottle"},
				"up": {"uv": [11, 9, 8.5, 6.5], "texture": "#bottle"},
				"down": {"uv": [13.5, 6.5, 11, 9], "texture": "#bottle"}
			}
		},
		{
			"from": [11.25, 2.375, 5.75],
			"to": [15.75, 6.125, 10.25],
			"faces": {
				"north": {"uv": [3, 3, 6, 5.5], "texture": "#contents", "tintindex": 0},
				"east": {"uv": [0, 3, 3, 5.5], "texture": "#contents", "tintindex": 0},
				"south": {"uv": [9, 3, 12, 5.5], "texture": "#contents", "tintindex": 0},
				"west": {"uv": [6, 3, 9, 5.5], "texture": "#contents", "tintindex": 0},
				"up": {"uv": [6, 3, 3, 0], "texture": "#contents", "tintindex": 0},
				"down": {"uv": [9, 0, 6, 3], "texture": "#contents", "tintindex": 0}
			}
		}
	]
}