{
	"parent": "block/block",
    "gui_light": "front",
	"textures": {
		"particle": "#top"
	},
	"elements": [
		{
			"from": [0, 0, 6.5],
			"to": [16, 16, 9.5],
			"faces": {
				"north": {"uv": [16, 0, 0, 16], "texture": "#bottom"},
				"east": {"uv": [0, 0, 3, 16], "texture": "#bottom", "cullface": "south"},
				"south": {"uv": [0, 0, 16, 16], "texture": "#bottom", "cullface": "west"},
				"west": {"uv": [3, 0, 0, 16], "texture": "#bottom", "cullface": "north"},
				"down": {"uv": [13, 0, 16, 16], "rotation": 90, "texture": "#bottom", "cullface": "down"}
			}
		},
		{
			"from": [0, 16, 6.5],
			"to": [16, 32, 9.5],
			"faces": {
				"north": {"uv": [16, 0, 0, 16], "texture": "#top"},
				"east": {"uv": [0, 0, 3, 16], "texture": "#top", "cullface": "south"},
				"south": {"uv": [0, 0, 16, 16], "texture": "#top", "cullface": "west"},
				"west": {"uv": [3, 0, 0, 16], "texture": "#top", "cullface": "north"},
				"up": {"uv": [13, 0, 16, 16], "rotation": 270, "texture": "#bottom", "cullface": "up"}
			}
		}
	],
	"display": {
		"thirdperson_righthand": {
			"rotation": [75, -45, 0],
			"translation": [0, 1.5, 0],
			"scale": [0.25, 0.25, 0.25]
		},
		"firstperson_righthand": {
			"rotation": [0, -45, 0],
			"translation": [0, -1, 0],
			"scale": [0.25, 0.25, 0.25]
		},
		"ground": {
			"translation": [0, 3, 0],
			"scale": [0.1875, 0.1875, 0.1875]
		},
		"gui": {
			"rotation": [30, 30, 0],
			"translation": [0, -3, 0],
			"scale": [0.4375, 0.4375, 0.4375]
		},
		"head": {
			"translation": [0, -16, -4]
		},
		"fixed": {
			"translation": [0, -4, 0],
			"scale": [0.5, 0.5, 0.5]
		}
	}
}