{
	"parent": "minecraft:block/thin_block",
    "ambientocclusion": false,
	"gui_light": "front",
    "textures": {
        "particle": "#rail"
    },
    "elements": [
        {   "from": [ 0, 1, 0 ],
            "to": [ 16, 1, 16 ],
            "faces": {
                "down":  { "uv": [ 0, 16, 16,  0 ], "texture": "#rail" },
                "up":    { "uv": [ 0,  0, 16, 16 ], "texture": "#rail" }
            }
        }
    ],
    "display": {
        "gui": {
            "rotation": [ 67.5, 11.25, 0 ],
            "translation": [ 0, 2, 0 ],
            "scale":[ 0.825, 0.825, 0.825 ]
        }
    }
}
