{
	"sources": [
		{
			"type": "directory",
			"source": "block",
			"prefix": "block/"
		},
		{
			"type": "directory",
			"source": "item",
			"prefix": "item/"
		},
		{
			"type": "directory",
			"source": "entity",
			"prefix": "entity/"
		},
		{
			"type": "single",
			"resource": "map/map_background"
		},
		{
			"type": "single",
			"resource": "map/map_background_checkerboard"
		},
		{
			"type": "directory",
			"source": "entity/equipment",
			"prefix": "entity/equipment/"
		},
		{
			"type": "single",
			"resource": "painting/back"
		},
		{
			"type": "directory",
			"source": "sprite",
			"prefix": "sprite/"
		},
        {
            "type": "paletted_permutations",
            "textures": [
                "trims/entity/humanoid/coast",
                "trims/entity/humanoid/wild",
                "trims/entity/humanoid_leggings/shaper",
                "trims/entity/humanoid/ward"
            ],
            "palette_key": "trims/color_palettes/trim_palette",
            "permutations": {
                "quartz": "trims/color_palettes/quartz",
                "iron": "trims/color_palettes/iron",
                "gold": "trims/color_palettes/gold",
                "diamond": "trims/color_palettes/diamond",
                "netherite": "trims/color_palettes/netherite",
                "redstone": "trims/color_palettes/redstone",
                "copper": "trims/color_palettes/copper",
                "emerald": "trims/color_palettes/emerald",
                "lapis": "trims/color_palettes/lapis",
                "amethyst": "trims/color_palettes/amethyst",
                "iron_darker": "trims/color_palettes/iron_darker",
                "gold_darker": "trims/color_palettes/gold_darker",
                "diamond_darker": "trims/color_palettes/diamond_darker",
                "netherite_darker": "trims/color_palettes/netherite_darker",
                "resin": "trims/color_palettes/resin"
            }
        }
    ]
}
