{
  "loader":"fusion:model",
  "type":"connecting",
  "connections":{
  "pane":{
    "type":"is_same_block"
  },
  "edges":{
    "type":"match_state",
    "block":"minecraft:lime_stained_glass_pane",
    "properties":{"west":"true","north":["false","true"],"south":["false","true"],"east":["false","true"],"waterlogged":["false","true"]}
  }
  },
  "parent":"minecraft:block/sockdog/pane_west_left",
  "textures":{
    "pane":"minecraft:block/sockdog/glass/9-0",
    "edge":"minecraft:block/sockdog/glass/9-1",
    "edges":"minecraft:block/sockdog/glass/9-2"
  }
}