{
  "loader":"fusion:model",
  "type":"connecting",
  "connections":{
  "pane":{
    "type":"is_same_block"
  },
  "edges":{
    "type":"match_state",
    "block":"minecraft:red_stained_glass_pane",
    "properties":{"east":"true","north":["false","true"],"south":["false","true"],"west":["false","true"],"waterlogged":["false","true"]}
  }
  },
  "parent":"minecraft:block/sockdog/pane_east_left",
  "textures":{
    "pane":"minecraft:block/sockdog/glass/14-0",
    "edge":"minecraft:block/sockdog/glass/14-1",
    "edges":"minecraft:block/sockdog/glass/14-2"
  }
}