{
  "model": {
    "type": "minecraft:condition",
    "property": "minecraft:has_component",
    "component": "minecraft:stored_enchantments",
    "on_true": {
      "type": "minecraft:select",
      "property": "minecraft:component",
      "component": "minecraft:stored_enchantments",
      "cases": [
        // aqua_affinity
        {
          "when": {"minecraft:aqua_affinity":1},
          "model": {
            "type": "minecraft:model",
            "model": "minecraft:item/enchanted_book/aqua_affinity"
          }
        },
        // bane_of_arthropods
        {
          "when": {"minecraft:bane_of_arthropods":1},
          "model": {
            "type": "minecraft:model",
            "model": "minecraft:item/enchanted_book/bane_of_arthropods"
          }
        },
        {
          "when": {"minecraft:bane_of_arthropods":2},
          "model": {
            "type": "minecraft:model",
            "model": "minecraft:item/enchanted_book/bane_of_arthropods"
          }
        },
        {
          "when": {"minecraft:bane_of_arthropods":3},
          "model": {
            "type": "minecraft:model",
            "model": "minecraft:item/enchanted_book/bane_of_arthropods"
          }
        },
        {
          "when": {"minecraft:bane_of_arthropods":4},
          "model": {
            "type": "minecraft:model",
            "model": "minecraft:item/enchanted_book/bane_of_arthropods"
          }
        },
        {
          "when": {"minecraft:bane_of_arthropods":5},
          "model": {
            "type": "minecraft:model",
            "model": "minecraft:item/enchanted_book/bane_of_arthropods"
          }
        },
        // blast_protection
        {
          "when": {"minecraft:blast_protection":1},
          "model": {
            "type": "minecraft:model",
            "model": "minecraft:item/enchanted_book/blast_protection"
          }
        },
        {
          "when": {"minecraft:blast_protection":2},
          "model": {
            "type": "minecraft:model",
            "model": "minecraft:item/enchanted_book/blast_protection"
          }
        },
        {
          "when": {"minecraft:blast_protection":3},
          "model": {
            "type": "minecraft:model",
            "model": "minecraft:item/enchanted_book/blast_protection"
          }
        },
        {
          "when": {"minecraft:blast_protection":4},
          "model": {
            "type": "minecraft:model",
            "model": "minecraft:item/enchanted_book/blast_protection"
          }
        },
        // breach
        {
          "when": {"minecraft:breach":1},
          "model": {
            "type": "minecraft:model",
            "model": "minecraft:item/enchanted_book/breach"
          }
        },
        {
          "when": {"minecraft:breach":2},
          "model": {
            "type": "minecraft:model",
            "model": "minecraft:item/enchanted_book/breach"
          }
        },
        {
          "when": {"minecraft:breach":3},
          "model": {
            "type": "minecraft:model",
            "model": "minecraft:item/enchanted_book/breach"
          }
        },
        {
          "when": {"minecraft:breach":4},
          "model": {
            "type": "minecraft:model",
            "model": "minecraft:item/enchanted_book/breach"
          }
        },
        // channeling
        {
          "when": {"minecraft:channeling":1},
          "model": {
            "type": "minecraft:model",
            "model": "minecraft:item/enchanted_book/channeling"
          }
        },
        // density
        {
          "when": {"minecraft:density":1},
          "model": {
            "type": "minecraft:model",
            "model": "minecraft:item/enchanted_book/density"
          }
        },
        {
          "when": {"minecraft:density":2},
          "model": {
            "type": "minecraft:model",
            "model": "minecraft:item/enchanted_book/density"
          }
        },
        {
          "when": {"minecraft:density":3},
          "model": {
            "type": "minecraft:model",
            "model": "minecraft:item/enchanted_book/density"
          }
        },
        {
          "when": {"minecraft:density":4},
          "model": {
            "type": "minecraft:model",
            "model": "minecraft:item/enchanted_book/density"
          }
        },
        {
          "when": {"minecraft:density":5},
          "model": {
            "type": "minecraft:model",
            "model": "minecraft:item/enchanted_book/density"
          }
        },
        // depth_strider
        {
          "when": {"minecraft:depth_strider":1},
          "model": {
            "type": "minecraft:model",
            "model": "minecraft:item/enchanted_book/depth_strider"
          }
        },
        {
          "when": {"minecraft:depth_strider":2},
          "model": {
            "type": "minecraft:model",
            "model": "minecraft:item/enchanted_book/depth_strider"
          }
        },
        {
          "when": {"minecraft:depth_strider":3},
          "model": {
            "type": "minecraft:model",
            "model": "minecraft:item/enchanted_book/depth_strider"
          }
        },
        // efficiency
        {
          "when": {"minecraft:efficiency":1},
          "model": {
            "type": "minecraft:model",
            "model": "minecraft:item/enchanted_book/efficiency"
          }
        },
        {
          "when": {"minecraft:efficiency":2},
          "model": {
            "type": "minecraft:model",
            "model": "minecraft:item/enchanted_book/efficiency"
          }
        },
        {
          "when": {"minecraft:efficiency":3},
          "model": {
            "type": "minecraft:model",
            "model": "minecraft:item/enchanted_book/efficiency"
          }
        },
        {
          "when": {"minecraft:efficiency":4},
          "model": {
            "type": "minecraft:model",
            "model": "minecraft:item/enchanted_book/efficiency"
          }
        },
        {
          "when": {"minecraft:efficiency":5},
          "model": {
            "type": "minecraft:model",
            "model": "minecraft:item/enchanted_book/efficiency"
          }
        },
        // feather_falling
        {
          "when": {"minecraft:feather_falling":1},
          "model": {
            "type": "minecraft:model",
            "model": "minecraft:item/enchanted_book/feather_falling"
          }
        },
        {
          "when": {"minecraft:feather_falling":2},
          "model": {
            "type": "minecraft:model",
            "model": "minecraft:item/enchanted_book/feather_falling"
          }
        },
        {
          "when": {"minecraft:feather_falling":3},
          "model": {
            "type": "minecraft:model",
            "model": "minecraft:item/enchanted_book/feather_falling"
          }
        },
        {
          "when": {"minecraft:feather_falling":4},
          "model": {
            "type": "minecraft:model",
            "model": "minecraft:item/enchanted_book/feather_falling"
          }
        },
        // fire_aspect
        {
          "when": {"minecraft:fire_aspect":1},
          "model": {
            "type": "minecraft:model",
            "model": "minecraft:item/enchanted_book/fire_aspect"
          }
        },
        {
          "when": {"minecraft:fire_aspect":2},
          "model": {
            "type": "minecraft:model",
            "model": "minecraft:item/enchanted_book/fire_aspect"
          }
        },
        // fire_protection
        {
          "when": {"minecraft:fire_protection":1},
          "model": {
            "type": "minecraft:model",
            "model": "minecraft:item/enchanted_book/fire_protection"
          }
        },
        {
          "when": {"minecraft:fire_protection":2},
          "model": {
            "type": "minecraft:model",
            "model": "minecraft:item/enchanted_book/fire_protection"
          }
        },
        {
          "when": {"minecraft:fire_protection":3},
          "model": {
            "type": "minecraft:model",
            "model": "minecraft:item/enchanted_book/fire_protection"
          }
        },
        {
          "when": {"minecraft:fire_protection":4},
          "model": {
            "type": "minecraft:model",
            "model": "minecraft:item/enchanted_book/fire_protection"
          }
        },
        // flame
        {
          "when": {"minecraft:flame":1},
          "model": {
            "type": "minecraft:model",
            "model": "minecraft:item/enchanted_book/flame"
          }
        },
        // fortune
        {
          "when": {"minecraft:fortune":1},
          "model": {
            "type": "minecraft:model",
            "model": "minecraft:item/enchanted_book/fortune"
          }
        },
        {
          "when": {"minecraft:fortune":2},
          "model": {
            "type": "minecraft:model",
            "model": "minecraft:item/enchanted_book/fortune"
          }
        },
        {
          "when": {"minecraft:fortune":3},
          "model": {
            "type": "minecraft:model",
            "model": "minecraft:item/enchanted_book/fortune"
          }
        },
        // frost_walker
        {
          "when": {"minecraft:frost_walker":1},
          "model": {
            "type": "minecraft:model",
            "model": "minecraft:item/enchanted_book/frost_walker"
          }
        },
        {
          "when": {"minecraft:frost_walker":2},
          "model": {
            "type": "minecraft:model",
            "model": "minecraft:item/enchanted_book/frost_walker"
          }
        },
        // impaling
        {
          "when": {"minecraft:impaling":1},
          "model": {
            "type": "minecraft:model",
            "model": "minecraft:item/enchanted_book/impaling"
          }
        },
        {
          "when": {"minecraft:impaling":2},
          "model": {
            "type": "minecraft:model",
            "model": "minecraft:item/enchanted_book/impaling"
          }
        },
        {
          "when": {"minecraft:impaling":3},
          "model": {
            "type": "minecraft:model",
            "model": "minecraft:item/enchanted_book/impaling"
          }
        },
        {
          "when": {"minecraft:impaling":4},
          "model": {
            "type": "minecraft:model",
            "model": "minecraft:item/enchanted_book/impaling"
          }
        },
        {
          "when": {"minecraft:impaling":5},
          "model": {
            "type": "minecraft:model",
            "model": "minecraft:item/enchanted_book/impaling"
          }
        },
        // infinity
        {
          "when": {"minecraft:infinity":1},
          "model": {
            "type": "minecraft:model",
            "model": "minecraft:item/enchanted_book/infinity"
          }
        },
        // knockback
        {
          "when": {"minecraft:knockback":1},
          "model": {
            "type": "minecraft:model",
            "model": "minecraft:item/enchanted_book/knockback"
          }
        },
        {
          "when": {"minecraft:knockback":2},
          "model": {
            "type": "minecraft:model",
            "model": "minecraft:item/enchanted_book/knockback"
          }
        },
        // looting
        {
          "when": {"minecraft:looting":1},
          "model": {
            "type": "minecraft:model",
            "model": "minecraft:item/enchanted_book/looting"
          }
        },
        {
          "when": {"minecraft:looting":2},
          "model": {
            "type": "minecraft:model",
            "model": "minecraft:item/enchanted_book/looting"
          }
        },
        {
          "when": {"minecraft:looting":3},
          "model": {
            "type": "minecraft:model",
            "model": "minecraft:item/enchanted_book/looting"
          }
        },
        // loyalty
        {
          "when": {"minecraft:loyalty":1},
          "model": {
            "type": "minecraft:model",
            "model": "minecraft:item/enchanted_book/loyalty"
          }
        },
        {
          "when": {"minecraft:loyalty":2},
          "model": {
            "type": "minecraft:model",
            "model": "minecraft:item/enchanted_book/loyalty"
          }
        },
        {
          "when": {"minecraft:loyalty":3},
          "model": {
            "type": "minecraft:model",
            "model": "minecraft:item/enchanted_book/loyalty"
          }
        },
        // luck_of_the_sea
        {
          "when": {"minecraft:luck_of_the_sea":1},
          "model": {
            "type": "minecraft:model",
            "model": "minecraft:item/enchanted_book/luck_of_the_sea"
          }
        },
        {
          "when": {"minecraft:luck_of_the_sea":2},
          "model": {
            "type": "minecraft:model",
            "model": "minecraft:item/enchanted_book/luck_of_the_sea"
          }
        },
        {
          "when": {"minecraft:luck_of_the_sea":3},
          "model": {
            "type": "minecraft:model",
            "model": "minecraft:item/enchanted_book/luck_of_the_sea"
          }
        },
        // lure
        {
          "when": {"minecraft:lure":1},
          "model": {
            "type": "minecraft:model",
            "model": "minecraft:item/enchanted_book/lure"
          }
        },
        {
          "when": {"minecraft:lure":2},
          "model": {
            "type": "minecraft:model",
            "model": "minecraft:item/enchanted_book/lure"
          }
        },
        {
          "when": {"minecraft:lure":3},
          "model": {
            "type": "minecraft:model",
            "model": "minecraft:item/enchanted_book/lure"
          }
        },
        // mending
         {
          "when": {"minecraft:mending":1},
          "model": {
            "type": "minecraft:model",
            "model": "minecraft:item/enchanted_book/mending"
          }
        },
        // multishot
        {
          "when": {"minecraft:multishot":1},
          "model": {
            "type": "minecraft:model",
            "model": "minecraft:item/enchanted_book/multishot"
          }
        },
        // piercing
        {
          "when": {"minecraft:piercing":1},
          "model": {
            "type": "minecraft:model",
            "model": "minecraft:item/enchanted_book/piercing"
          }
        },
        {
          "when": {"minecraft:piercing":2},
          "model": {
            "type": "minecraft:model",
            "model": "minecraft:item/enchanted_book/piercing"
          }
        },
        {
          "when": {"minecraft:piercing":3},
          "model": {
            "type": "minecraft:model",
            "model": "minecraft:item/enchanted_book/piercing"
          }
        },
        {
          "when": {"minecraft:piercing":4},
          "model": {
            "type": "minecraft:model",
            "model": "minecraft:item/enchanted_book/piercing"
          }
        },
        // power
        {
          "when": {"minecraft:power":1},
          "model": {
            "type": "minecraft:model",
            "model": "minecraft:item/enchanted_book/power"
          }
        },
        {
          "when": {"minecraft:power":2},
          "model": {
            "type": "minecraft:model",
            "model": "minecraft:item/enchanted_book/power"
          }
        },
        {
          "when": {"minecraft:power":3},
          "model": {
            "type": "minecraft:model",
            "model": "minecraft:item/enchanted_book/power"
          }
        },
        {
          "when": {"minecraft:power":4},
          "model": {
            "type": "minecraft:model",
            "model": "minecraft:item/enchanted_book/power"
          }
        },
        {
          "when": {"minecraft:power":5},
          "model": {
            "type": "minecraft:model",
            "model": "minecraft:item/enchanted_book/power"
          }
        },
        // projectile_protection
        {
          "when": {"minecraft:projectile_protection":1},
          "model": {
            "type": "minecraft:model",
            "model": "minecraft:item/enchanted_book/projectile_protection"
          }
        },
        {
          "when": {"minecraft:projectile_protection":2},
          "model": {
            "type": "minecraft:model",
            "model": "minecraft:item/enchanted_book/projectile_protection"
          }
        },
        {
          "when": {"minecraft:projectile_protection":3},
          "model": {
            "type": "minecraft:model",
            "model": "minecraft:item/enchanted_book/projectile_protection"
          }
        },
        {
          "when": {"minecraft:projectile_protection":4},
          "model": {
            "type": "minecraft:model",
            "model": "minecraft:item/enchanted_book/projectile_protection"
          }
        },
        // protection
        {
          "when": {"minecraft:protection":1},
          "model": {
            "type": "minecraft:model",
            "model": "minecraft:item/enchanted_book/protection"
          }
        },
        {
          "when": {"minecraft:protection":2},
          "model": {
            "type": "minecraft:model",
            "model": "minecraft:item/enchanted_book/protection"
          }
        },
        {
          "when": {"minecraft:protection":3},
          "model": {
            "type": "minecraft:model",
            "model": "minecraft:item/enchanted_book/protection"
          }
        },
        {
          "when": {"minecraft:protection":4},
          "model": {
            "type": "minecraft:model",
            "model": "minecraft:item/enchanted_book/protection"
          }
        },
        // punch
        {
          "when": {"minecraft:punch":1},
          "model": {
            "type": "minecraft:model",
            "model": "minecraft:item/enchanted_book/punch"
          }
        },
        {
          "when": {"minecraft:punch":2},
          "model": {
            "type": "minecraft:model",
            "model": "minecraft:item/enchanted_book/punch"
          }
        },
        // quick_charge
        {
          "when": {"minecraft:quick_charge":1},
          "model": {
            "type": "minecraft:model",
            "model": "minecraft:item/enchanted_book/quick_charge"
          }
        },
        {
          "when": {"minecraft:quick_charge":2},
          "model": {
            "type": "minecraft:model",
            "model": "minecraft:item/enchanted_book/quick_charge"
          }
        },
        {
          "when": {"minecraft:quick_charge":3},
          "model": {
            "type": "minecraft:model",
            "model": "minecraft:item/enchanted_book/quick_charge"
          }
        },
        // respiration
        {
          "when": {"minecraft:respiration":1},
          "model": {
            "type": "minecraft:model",
            "model": "minecraft:item/enchanted_book/respiration"
          }
        },
        {
          "when": {"minecraft:respiration":2},
          "model": {
            "type": "minecraft:model",
            "model": "minecraft:item/enchanted_book/respiration"
          }
        },
        {
          "when": {"minecraft:respiration":3},
          "model": {
            "type": "minecraft:model",
            "model": "minecraft:item/enchanted_book/respiration"
          }
        },
        // riptide
        {
          "when": {"minecraft:riptide":1},
          "model": {
            "type": "minecraft:model",
            "model": "minecraft:item/enchanted_book/riptide"
          }
        },
        {
          "when": {"minecraft:riptide":2},
          "model": {
            "type": "minecraft:model",
            "model": "minecraft:item/enchanted_book/riptide"
          }
        },
        {
          "when": {"minecraft:riptide":3},
          "model": {
            "type": "minecraft:model",
            "model": "minecraft:item/enchanted_book/riptide"
          }
        },
        // sharpness
        {
          "when": {"minecraft:sharpness":1},
          "model": {
            "type": "minecraft:model",
            "model": "minecraft:item/enchanted_book/sharpness"
          }
        },
        {
          "when": {"minecraft:sharpness":2},
          "model": {
            "type": "minecraft:model",
            "model": "minecraft:item/enchanted_book/sharpness"
          }
        },
        {
          "when": {"minecraft:sharpness":3},
          "model": {
            "type": "minecraft:model",
            "model": "minecraft:item/enchanted_book/sharpness"
          }
        },
        {
          "when": {"minecraft:sharpness":4},
          "model": {
            "type": "minecraft:model",
            "model": "minecraft:item/enchanted_book/sharpness"
          }
        },
        {
          "when": {"minecraft:sharpness":5},
          "model": {
            "type": "minecraft:model",
            "model": "minecraft:item/enchanted_book/sharpness"
          }
        },
        // silk_touch
        {
          "when": {"minecraft:silk_touch":1},
          "model": {
            "type": "minecraft:model",
            "model": "minecraft:item/enchanted_book/silk_touch"
          }
        },
        // smite
        {
          "when": {"minecraft:smite":1},
          "model": {
            "type": "minecraft:model",
            "model": "minecraft:item/enchanted_book/smite"
          }
        },
        {
          "when": {"minecraft:smite":2},
          "model": {
            "type": "minecraft:model",
            "model": "minecraft:item/enchanted_book/smite"
          }
        },
        {
          "when": {"minecraft:smite":3},
          "model": {
            "type": "minecraft:model",
            "model": "minecraft:item/enchanted_book/smite"
          }
        },
        {
          "when": {"minecraft:smite":4},
          "model": {
            "type": "minecraft:model",
            "model": "minecraft:item/enchanted_book/smite"
          }
        },
        {
          "when": {"minecraft:smite":5},
          "model": {
            "type": "minecraft:model",
            "model": "minecraft:item/enchanted_book/smite"
          }
        },
        // soul_speed
        {
          "when": {"minecraft:soul_speed":1},
          "model": {
            "type": "minecraft:model",
            "model": "minecraft:item/enchanted_book/soul_speed"
          }
        },
        {
          "when": {"minecraft:soul_speed":2},
          "model": {
            "type": "minecraft:model",
            "model": "minecraft:item/enchanted_book/soul_speed"
          }
        },
        {
          "when": {"minecraft:soul_speed":3},
          "model": {
            "type": "minecraft:model",
            "model": "minecraft:item/enchanted_book/soul_speed"
          }
        },
        // sweeping_edge
        {
          "when": {"minecraft:sweeping_edge":1},
          "model": {
            "type": "minecraft:model",
            "model": "minecraft:item/enchanted_book/sweeping_edge"
          }
        },
        {
          "when": {"minecraft:sweeping_edge":2},
          "model": {
            "type": "minecraft:model",
            "model": "minecraft:item/enchanted_book/sweeping_edge"
          }
        },
        {
          "when": {"minecraft:sweeping_edge":3},
          "model": {
            "type": "minecraft:model",
            "model": "minecraft:item/enchanted_book/sweeping_edge"
          }
        },
        // swift_sneak
        {
          "when": {"minecraft:swift_sneak":1},
          "model": {
            "type": "minecraft:model",
            "model": "minecraft:item/enchanted_book/swift_sneak"
          }
        },
        {
          "when": {"minecraft:swift_sneak":2},
          "model": {
            "type": "minecraft:model",
            "model": "minecraft:item/enchanted_book/swift_sneak"
          }
        },
        {
          "when": {"minecraft:swift_sneak":3},
          "model": {
            "type": "minecraft:model",
            "model": "minecraft:item/enchanted_book/swift_sneak"
          }
        },
        // thorns
        {
          "when": {"minecraft:thorns":1},
          "model": {
            "type": "minecraft:model",
            "model": "minecraft:item/enchanted_book/thorns"
          }
        },
        {
          "when": {"minecraft:thorns":2},
          "model": {
            "type": "minecraft:model",
            "model": "minecraft:item/enchanted_book/thorns"
          }
        },
        {
          "when": {"minecraft:thorns":3},
          "model": {
            "type": "minecraft:model",
            "model": "minecraft:item/enchanted_book/thorns"
          }
        },
        // unbreaking
        {
          "when": {"minecraft:unbreaking":1},
          "model": {
            "type": "minecraft:model",
            "model": "minecraft:item/enchanted_book/unbreaking"
          }
        },
        {
          "when": {"minecraft:unbreaking":2},
          "model": {
            "type": "minecraft:model",
            "model": "minecraft:item/enchanted_book/unbreaking"
          }
        },
        {
          "when": {"minecraft:unbreaking":3},
          "model": {
            "type": "minecraft:model",
            "model": "minecraft:item/enchanted_book/unbreaking"
          }
        },
        // wind_burst
        {
          "when": {"minecraft:wind_burst":1},
          "model": {
            "type": "minecraft:model",
            "model": "minecraft:item/enchanted_book/wind_burst"
          }
        },
        {
          "when": {"minecraft:wind_burst":2},
          "model": {
            "type": "minecraft:model",
            "model": "minecraft:item/enchanted_book/wind_burst"
          }
        },
        {
          "when": {"minecraft:wind_burst":3},
          "model": {
            "type": "minecraft:model",
            "model": "minecraft:item/enchanted_book/wind_burst"
          }
        },
        // binding_curse
        {
          "when": {"minecraft:binding_curse":1},
          "model": {
            "type": "minecraft:model",
            "model": "minecraft:item/enchanted_book/binding_curse"
          }
        },
        // vanishing_curse
        {
          "when": {"minecraft:vanishing_curse":1},
          "model": {
            "type": "minecraft:model",
            "model": "minecraft:item/enchanted_book/vanishing_curse"
          }
        }
      ],
      "fallback": {
        "type": "minecraft:model",
        "model": "minecraft:item/enchanted_book"
      }
    },
    "on_false": {
      "type": "minecraft:model",
      "model": "minecraft:item/enchanted_book"
    }
  }
}