{
	"model": {
		"type": "minecraft:composite",
		"models": [
			{
				"type": "minecraft:model",
				"model": "minecraft:item/iron_helmet"
			},
			{
				"type": "minecraft:select",
				"cases": [
					{
						"model": {
							"type": "minecraft:model",
							"model": "minecraft:item/template_helmet_quartz_trim"
						},
						"when": "minecraft:quartz"
					},
					{
						"model": {
							"type": "minecraft:model",
							"model": "minecraft:item/template_helmet_iron_darker_trim"
						},
						"when": "minecraft:iron"
					},
					{
						"model": {
							"type": "minecraft:model",
							"model": "minecraft:item/template_helmet_netherite_trim"
						},
						"when": "minecraft:netherite"
					},
					{
						"model": {
							"type": "minecraft:model",
							"model": "minecraft:item/template_helmet_redstone_trim"
						},
						"when": "minecraft:redstone"
					},
					{
						"model": {
							"type": "minecraft:model",
							"model": "minecraft:item/template_helmet_copper_trim"
						},
						"when": "minecraft:copper"
					},
					{
						"model": {
							"type": "minecraft:model",
							"model": "minecraft:item/template_helmet_gold_trim"
						},
						"when": "minecraft:gold"
					},
					{
						"model": {
							"type": "minecraft:model",
							"model": "minecraft:item/template_helmet_emerald_trim"
						},
						"when": "minecraft:emerald"
					},
					{
						"model": {
							"type": "minecraft:model",
							"model": "minecraft:item/template_helmet_diamond_trim"
						},
						"when": "minecraft:diamond"
					},
					{
						"model": {
							"type": "minecraft:model",
							"model": "minecraft:item/template_helmet_lapis_trim"
						},
						"when": "minecraft:lapis"
					},
					{
						"model": {
							"type": "minecraft:model",
							"model": "minecraft:item/template_helmet_amethyst_trim"
						},
						"when": "minecraft:amethyst"
					},
					{
						"model": {
							"type": "minecraft:model",
							"model": "minecraft:item/template_helmet_resin_trim"
						},
						"when": "minecraft:resin"
					}
				],
				"fallback": {
					"type": "minecraft:empty"
				},
				"property": "minecraft:trim_material"
			}
		]
	}
}