{
	"model": {
		"type": "minecraft:condition",
		"property": "minecraft:has_component",
		"component": "minecraft:custom_name",
		"on_true": {
			"type": "minecraft:model",
			"model": "minecraft:item/splash_potion_fixed",
			"tints": [
				{
					"type": "minecraft:potion",
					"default": -13083194
				}
			]
		},
		"on_false": {
			"type": "minecraft:model",
				"model": "minecraft:item/splash_potion",
			"tints": [
				{
					"type": "minecraft:potion",
					"default": -13083194
				}
			]
		}
	}
}