{
	"parent": "item/template_ball_small",
	"textures": {
		"apple": "item/apple",
		"particle": "#apple"
	},
	"elements": [
		{
			"from": [5, 5, 5],
			"to": [11, 11, 11],
			"faces": {
				"north": {"uv": [3, 3, 6, 6], "texture": "#apple"},
				"east": {"uv": [0, 3, 3, 6], "texture": "#apple"},
				"south": {"uv": [9, 3, 12, 6], "texture": "#apple"},
				"west": {"uv": [6, 3, 9, 6], "texture": "#apple"},
				"up": {"uv": [6, 3, 3, 0], "texture": "#apple"},
				"down": {"uv": [9, 0, 6, 3], "texture": "#apple"}
			}
		},
		{
			"from": [4.5, 11, 7.99],
			"to": [10.5, 17, 8.01],
			"rotation": {"angle": -45, "axis": "y", "origin": [8, 12, 8]},
			"faces": {
				"north": {"uv": [9, 0, 12, 3], "texture": "#apple"},
				"south": {"uv": [12, 0, 15, 3], "texture": "#apple"}
			}
		}
	],
	"display": {
		"head": {
			"translation": [0, 9.5, 0]
		}
	}
}