{
	"parent": "item/default",
	"textures": {
		"stand": "entity/armorstand/wood",
		"particle": "#stand"
	},
	"elements": [
		{
			"from": [2, 0, 2],
			"to": [14, 1, 14],
			"faces": {
				"north": {"uv": [9, 11, 12, 11.25], "texture": "#stand"},
				"east": {"uv": [6, 11, 9, 11.25], "texture": "#stand"},
				"south": {"uv": [3, 11, 6, 11.25], "texture": "#stand"},
				"west": {"uv": [0, 11, 3, 11.25], "texture": "#stand"},
				"up": {"uv": [3, 8, 6, 11], "texture": "#stand"},
				"down": {"uv": [9, 8, 6, 11], "texture": "#stand"}
			}
		},
		{
			"from": [5, 1, 7],
			"to": [7, 12, 9],
			"faces": {
				"north": {"uv": [3.5, 0.5, 4, 3.25], "texture": "#stand"},
				"east": {"uv": [3, 0.5, 3.5, 3.25], "texture": "#stand"},
				"south": {"uv": [2.5, 0.5, 3, 3.25], "texture": "#stand"},
				"west": {"uv": [2, 0.5, 2.5, 3.25], "texture": "#stand"},
				"up": {"uv": [2.5, 0, 3, 0.5], "texture": "#stand"},
				"down": {"uv": [3.5, 0, 3, 0.5], "rotation": 180, "texture": "#stand"}
			}
		},
		{
			"from": [9, 1, 7],
			"to": [11, 12, 9],
			"faces": {
				"north": {"uv": [11.5, 4.5, 12, 7.25], "texture": "#stand"},
				"east": {"uv": [11, 4.5, 11.5, 7.25], "texture": "#stand"},
				"south": {"uv": [10.5, 4.5, 11, 7.25], "texture": "#stand"},
				"west": {"uv": [10, 4.5, 10.5, 7.25], "texture": "#stand"},
				"up": {"uv": [10.5, 4, 11, 4.5], "texture": "#stand"},
				"down": {"uv": [11.5, 4, 11, 4.5], "rotation": 180, "texture": "#stand"}
			}
		},
		{
			"from": [4, 12, 7],
			"to": [12, 14, 9],
			"faces": {
				"north": {"uv": [3, 12.5, 5, 13], "texture": "#stand"},
				"east": {"uv": [2.5, 12.5, 3, 13], "texture": "#stand"},
				"south": {"uv": [0.5, 12.5, 2.5, 13], "texture": "#stand"},
				"west": {"uv": [0, 12.5, 0.5, 13], "texture": "#stand"},
				"up": {"uv": [0.5, 12, 2.5, 12.5], "texture": "#stand"},
				"down": {"uv": [4.5, 12, 2.5, 12.5], "rotation": 180, "texture": "#stand"}
			}
		},
		{
			"from": [5, 14, 7],
			"to": [7, 21, 9],
			"faces": {
				"north": {"uv": [5.5, 0.5, 6, 2.25], "texture": "#stand"},
				"east": {"uv": [5, 0.5, 5.5, 2.25], "texture": "#stand"},
				"south": {"uv": [4.5, 0.5, 5, 2.25], "texture": "#stand"},
				"west": {"uv": [4, 0.5, 4.5, 2.25], "texture": "#stand"},
				"up": {"uv": [4.5, 0, 5, 0.5], "texture": "#stand"},
				"down": {"uv": [5.5, 0, 5, 0.5], "rotation": 180, "texture": "#stand"}
			}
		},
		{
			"from": [9, 14, 7],
			"to": [11, 21, 9],
			"faces": {
				"north": {"uv": [13.5, 4.5, 14, 6.25], "texture": "#stand"},
				"east": {"uv": [13, 4.5, 13.5, 6.25], "texture": "#stand"},
				"south": {"uv": [12.5, 4.5, 13, 6.25], "texture": "#stand"},
				"west": {"uv": [12, 4.5, 12.5, 6.25], "texture": "#stand"},
				"up": {"uv": [12.5, 4, 13, 4.5], "texture": "#stand"},
				"down": {"uv": [13.5, 4, 13, 4.5], "rotation": 180, "texture": "#stand"}
			}
		},
		{
			"from": [2, 21, 6.5],
			"to": [14, 24, 9.5],
			"faces": {
				"north": {"uv": [4.5, 7.25, 7.5, 8], "texture": "#stand"},
				"east": {"uv": [3.75, 7.25, 4.5, 8], "texture": "#stand"},
				"south": {"uv": [0.75, 7.25, 3.75, 8], "texture": "#stand"},
				"west": {"uv": [0, 7.25, 0.75, 8], "texture": "#stand"},
				"up": {"uv": [0.75, 6.5, 3.75, 7.25], "texture": "#stand"},
				"down": {"uv": [6.75, 6.5, 3.75, 7.25], "rotation": 180, "texture": "#stand"}
			}
		},
		{
			"from": [7, 23, 7],
			"to": [9, 30, 9],
			"faces": {
				"north": {"uv": [1.5, 0.5, 2, 2.25], "texture": "#stand"},
				"east": {"uv": [1, 0.5, 1.5, 2.25], "texture": "#stand"},
				"south": {"uv": [0.5, 0.5, 1, 2.25], "texture": "#stand"},
				"west": {"uv": [0, 0.5, 0.5, 2.25], "texture": "#stand"},
				"up": {"uv": [0.5, 0, 1, 0.5], "texture": "#stand"},
				"down": {"uv": [1.5, 0, 1, 0.5], "rotation": 180, "texture": "#stand"}
			}
		}
	],
	"display": {
		"thirdperson_righthand": {
			"rotation": [30, -45, 0],
			"translation": [0, 1.5, 0],
			"scale": [0.25, 0.25, 0.25]
		},
		"firstperson_righthand": {
			"rotation": [0, -45, 0],
			"scale": [0.25, 0.25, 0.25]
		},
		"head": {
			"translation": [0, 10.25, 0],
			"scale": [0.5, 0.5, 0.5]
		},
		"ground": {
			"translation": [0, 3, 0],
			"scale": [0.25, 0.25, 0.25]
		},
		"gui": {
			"rotation": [30, 225, 0],
			"translation": [0, -2.25, 0],
			"scale": [0.5, 0.5, 0.5]
		},
		"fixed": {
			"translation": [0, -3.5, 0],
			"scale": [0.5, 0.5, 0.5]
		}
	}
}