{
	"parent": "item/default_rod",
	"gui_light": "front",
	"textures": {
		"arrow": "entity/projectiles/arrow",
		"particle": "#arrow"
	},
	"elements": [
		{
			"from": [7.99, 0, 5.5],
			"to": [8.01, 16, 10.5],
			"rotation": {"angle": 45, "axis": "y", "origin": [8, 1.75, 8]},
			"faces": {
				"east": {"uv": [0, 0, 8, 2.5], "rotation": 270, "texture": "#arrow"},
				"west": {"uv": [8, 0, 16, 2.5], "rotation": 90, "texture": "#arrow"}
			}
		},
		{
			"from": [5.5, 0, 7.99],
			"to": [10.5, 16, 8.01],
			"rotation": {"angle": 45, "axis": "y", "origin": [8, 1.75, 8]},
			"faces": {
				"north": {"uv": [0, 0, 8, 2.5], "rotation": 270, "texture": "#arrow"},
				"south": {"uv": [8, 0, 16, 2.5], "rotation": 90, "texture": "#arrow"}
			}
		},
		{
			"from": [5.5, 1.99, 5.5],
			"to": [10.5, 2.01, 10.5],
			"rotation": {"angle": 45, "axis": "y", "origin": [8, 1.75, 8]},
			"faces": {
				"up": {"uv": [5, 5, 2.5, 2.5], "texture": "#arrow"},
				"down": {"uv": [0, 2.5, 2.5, 5], "texture": "#arrow"}
			}
		}
	],
	"display": {
		"gui": {
			"rotation": [22.5, 11.25, -45],
			"scale": [1.0625, 1.0625, 1.0625]
		},
		"head": {
			"rotation": [0, 0, -90],
			"translation": [0, 2, 0],
			"scale": [1, 1.25, 1]
		},
		"fixed": {
			"rotation": [0, 0, 45]
		}
	}
}