{
	"parent": "item/template_bucket",
	"textures": {
		"contents": "item/water_bucket",
		"axolotl": "entity/axolotl/axolotl_lucy"
	},
	"elements": [
		{
			"from": [4, 3, 3],
			"to": [13, 12, 4],
			"faces": {
				"north": {"uv": [0.5, 0.5, 5, 5], "texture": "#bucket"},
				"east": {"uv": [0, 0.5, 0.5, 5], "texture": "#bucket"},
				"south": {"uv": [5.5, 0.5, 10, 5], "texture": "#bucket"},
				"west": {"uv": [5, 0.5, 5.5, 5], "texture": "#bucket"},
				"up": {"uv": [5, 0.5, 0.5, 0], "texture": "#bucket"},
				"down": {"uv": [9.5, 0, 5, 0.5], "texture": "#bucket"}
			}
		},
		{
			"from": [4.5, 1, 3.5],
			"to": [12.5, 3, 4.5],
			"faces": {
				"north": {"uv": [0.5, 5.5, 4.5, 6.5], "texture": "#bucket"},
				"east": {"uv": [0, 5.5, 0.5, 6.5], "texture": "#bucket"},
				"south": {"uv": [5, 5.5, 9, 6.5], "texture": "#bucket"},
				"west": {"uv": [4.5, 5.5, 5, 6.5], "texture": "#bucket"},
				"up": {"uv": [4.5, 5.5, 0.5, 5], "texture": "#bucket"},
				"down": {"uv": [8.5, 5, 4.5, 5.5], "texture": "#bucket"}
			}
		},
		{
			"from": [3, 3, 3],
			"to": [4, 12, 12],
			"faces": {
				"north": {"uv": [0, 0.5, 0.5, 5], "texture": "#bucket"},
				"east": {"uv": [5.5, 0.5, 10, 5], "texture": "#bucket"},
				"south": {"uv": [5, 0.5, 5.5, 5], "texture": "#bucket"},
				"west": {"uv": [0.5, 0.5, 5, 5], "texture": "#bucket"},
				"up": {"uv": [5, 0.5, 0.5, 0], "rotation": 270, "texture": "#bucket"},
				"down": {"uv": [9.5, 0, 5, 0.5], "rotation": 90, "texture": "#bucket"}
			}
		},
		{
			"from": [3.5, 1, 3.5],
			"to": [4.5, 3, 11.5],
			"faces": {
				"north": {"uv": [0, 5.5, 0.5, 6.5], "texture": "#bucket"},
				"east": {"uv": [5, 5.5, 9, 6.5], "texture": "#bucket"},
				"south": {"uv": [4.5, 5.5, 5, 6.5], "texture": "#bucket"},
				"west": {"uv": [0.5, 5.5, 4.5, 6.5], "texture": "#bucket"},
				"up": {"uv": [4.5, 5.5, 0.5, 5], "rotation": 270, "texture": "#bucket"},
				"down": {"uv": [8.5, 5, 4.5, 5.5], "rotation": 90, "texture": "#bucket"}
			}
		},
		{
			"from": [3, 3, 12],
			"to": [12, 12, 13],
			"faces": {
				"north": {"uv": [5.5, 0.5, 10, 5], "texture": "#bucket"},
				"east": {"uv": [5, 0.5, 5.5, 5], "texture": "#bucket"},
				"south": {"uv": [0.5, 0.5, 5, 5], "texture": "#bucket"},
				"west": {"uv": [0, 0.5, 0.5, 5], "texture": "#bucket"},
				"up": {"uv": [5, 0.5, 0.5, 0], "rotation": 180, "texture": "#bucket"},
				"down": {"uv": [9.5, 0, 5, 0.5], "rotation": 180, "texture": "#bucket"}
			}
		},
		{
			"from": [3.5, 1, 11.5],
			"to": [11.5, 3, 12.5],
			"faces": {
				"north": {"uv": [5, 5.5, 9, 6.5], "texture": "#bucket"},
				"east": {"uv": [4.5, 5.5, 5, 6.5], "texture": "#bucket"},
				"south": {"uv": [0.5, 5.5, 4.5, 6.5], "texture": "#bucket"},
				"west": {"uv": [0, 5.5, 0.5, 6.5], "texture": "#bucket"},
				"up": {"uv": [4.5, 5.5, 0.5, 5], "rotation": 180, "texture": "#bucket"},
				"down": {"uv": [8.5, 5, 4.5, 5.5], "rotation": 180, "texture": "#bucket"}
			}
		},
		{
			"from": [12, 3, 4],
			"to": [13, 12, 13],
			"faces": {
				"north": {"uv": [5, 0.5, 5.5, 5], "texture": "#bucket"},
				"east": {"uv": [0.5, 0.5, 5, 5], "texture": "#bucket"},
				"south": {"uv": [0, 0.5, 0.5, 5], "texture": "#bucket"},
				"west": {"uv": [5.5, 0.5, 10, 5], "texture": "#bucket"},
				"up": {"uv": [5, 0.5, 0.5, 0], "rotation": 90, "texture": "#bucket"},
				"down": {"uv": [9.5, 0, 5, 0.5], "rotation": 270, "texture": "#bucket"}
			}
		},
		{
			"from": [11.5, 1, 4.5],
			"to": [12.5, 3, 12.5],
			"faces": {
				"north": {"uv": [4.5, 5.5, 5, 6.5], "texture": "#bucket"},
				"east": {"uv": [0.5, 5.5, 4.5, 6.5], "texture": "#bucket"},
				"south": {"uv": [0, 5.5, 0.5, 6.5], "texture": "#bucket"},
				"west": {"uv": [5, 5.5, 9, 6.5], "texture": "#bucket"},
				"up": {"uv": [4.5, 5.5, 0.5, 5], "rotation": 90, "texture": "#bucket"},
				"down": {"uv": [8.5, 5, 4.5, 5.5], "rotation": 270, "texture": "#bucket"}
			}
		},
		{
			"from": [4.5, 1, 4.5],
			"to": [11.5, 2, 11.5],
			"faces": {
				"north": {"uv": [3.5, 10, 7, 10.5], "texture": "#bucket"},
				"east": {"uv": [0, 10, 3.5, 10.5], "texture": "#bucket"},
				"south": {"uv": [10.5, 10, 14, 10.5], "texture": "#bucket"},
				"west": {"uv": [7, 10, 10.5, 10.5], "texture": "#bucket"},
				"up": {"uv": [7, 10, 3.5, 6.5], "texture": "#bucket"},
				"down": {"uv": [10.5, 6.5, 7, 10], "texture": "#bucket"}
			}
		},
		{
			"from": [2.5, 2, 7.5],
			"to": [13.5, 10, 8.5],
			"rotation": {"angle": -45, "axis": "x", "origin": [8, 9.5, 8]},
			"faces": {
				"north": {"uv": [0.5, 11, 6, 15], "texture": "#bucket"},
				"east": {"uv": [0, 11, 0.5, 15], "texture": "#bucket"},
				"south": {"uv": [6.5, 11, 12, 15], "texture": "#bucket"},
				"west": {"uv": [6, 11, 6.5, 15], "texture": "#bucket"},
				"up": {"uv": [6, 11, 0.5, 10.5], "texture": "#bucket"},
				"down": {"uv": [11.5, 10.5, 6, 11], "texture": "#bucket"}
			}
		},
		{
			"from": [13.49, 9.99, 8.49],
			"to": [2.51, 2.01, 7.51],
			"rotation": {"angle": -45, "axis": "x", "origin": [8, 9.5, 8]},
			"faces": {
				"north": {"uv": [6.5, 15, 12, 11], "texture": "#bucket"},
				"east": {"uv": [6, 15, 6.5, 11], "texture": "#bucket"},
				"south": {"uv": [0.5, 15, 6, 11], "texture": "#bucket"},
				"west": {"uv": [0, 15, 0.5, 11], "texture": "#bucket"},
				"up": {"uv": [6, 10.5, 11.5, 11], "texture": "#bucket"},
				"down": {"uv": [0.5, 11, 6, 10.5], "texture": "#bucket"}
			}
		},
		{
			"from": [4, 2, 4],
			"to": [12, 11, 12],
			"faces": {
				"up": {"uv": [4, 4, 12, 12], "texture": "#contents"}
			}
		},
		{
			"from": [4, 12.23671, 1.1627],
			"to": [12, 17.23671, 6.1627],
			"faces": {
				"north": {"uv": [1.25, 1.5, 3.25, 2.75], "texture": "#axolotl"},
				"east": {"uv": [0, 1.5, 1.25, 2.75], "texture": "#axolotl"},
				"south": {"uv": [4.5, 1.5, 6.5, 2.75], "texture": "#axolotl"},
				"west": {"uv": [3.25, 1.5, 4.5, 2.75], "texture": "#axolotl"},
				"up": {"uv": [3.25, 1.5, 1.25, 0.25], "texture": "#axolotl"},
				"down": {"uv": [5.25, 0.25, 3.25, 1.5], "texture": "#axolotl"}
			}
		},
		{
			"from": [12, 12.23671, 5.1627],
			"to": [15, 19.23671, 5.1627],
			"faces": {
				"north": {"uv": [0, 10, 0.75, 11.75], "texture": "#axolotl"},
				"south": {"uv": [0.75, 10, 1.5, 11.75], "texture": "#axolotl"}
			}
		},
		{
			"from": [15, 19.23671, 5.1627],
			"to": [12, 12.23671, 5.1627],
			"faces": {
				"north": {"uv": [1.5, 10, 0.75, 11.75], "rotation": 180, "texture": "#axolotl"},
				"south": {"uv": [0.75, 10, 0, 11.75], "rotation": 180, "texture": "#axolotl"}
			}
		},
		{
			"from": [1, 12.23671, 5.1627],
			"to": [4, 19.23671, 5.1627],
			"faces": {
				"north": {"uv": [2.75, 10, 3.5, 11.75], "texture": "#axolotl"},
				"south": {"uv": [3.5, 10, 4.25, 11.75], "texture": "#axolotl"}
			}
		},
		{
			"from": [4, 19.23671, 5.1627],
			"to": [1, 12.23671, 5.1627],
			"faces": {
				"north": {"uv": [4.25, 10, 3.5, 11.75], "rotation": 180, "texture": "#axolotl"},
				"south": {"uv": [3.5, 10, 2.75, 11.75], "rotation": 180, "texture": "#axolotl"}
			}
		},
		{
			"from": [4, 17.23671, 5.1627],
			"to": [12, 20.23671, 5.1627],
			"faces": {
				"north": {"uv": [0.75, 9.25, 2.75, 10], "texture": "#axolotl"},
				"south": {"uv": [2.75, 9.25, 4.75, 10], "texture": "#axolotl"}
			}
		},
		{
			"from": [12, 20.23671, 5.1627],
			"to": [4, 17.23671, 5.1627],
			"faces": {
				"north": {"uv": [4.75, 9.25, 2.75, 10], "rotation": 180, "texture": "#axolotl"},
				"south": {"uv": [2.75, 9.25, 0.75, 10], "rotation": 180, "texture": "#axolotl"}
			}
		},
		{
			"from": [4.01, 4.01, 5.01],
			"to": [11.99, 13.99, 8.99],
			"rotation": {"angle": -22.5, "axis": "x", "origin": [8, 9, 7]},
			"faces": {
				"north": {"uv": [6.5, 2.75, 4.5, 5.25], "rotation": 180, "texture": "#axolotl"},
				"east": {"uv": [0, 5.25, 2.5, 6.25], "rotation": 270, "texture": "#axolotl"},
				"south": {"uv": [4.5, 5.25, 2.5, 2.75], "texture": "#axolotl"},
				"west": {"uv": [4.5, 5.25, 7, 6.25], "rotation": 90, "texture": "#axolotl"},
				"up": {"uv": [2.5, 5.25, 4.5, 6.25], "rotation": 180, "texture": "#axolotl"},
				"down": {"uv": [7, 5.25, 9, 6.25], "texture": "#axolotl"}
			}
		},
		{
			"from": [8, 4, 5],
			"to": [8, 13, 10],
			"rotation": {"angle": -22.5, "axis": "x", "origin": [8, 9, 7]},
			"faces": {
				"east": {"uv": [0.5, 6.5, 2.75, 7.75], "rotation": 270, "texture": "#axolotl"},
				"west": {"uv": [2.75, 6.5, 5, 7.75], "rotation": 90, "texture": "#axolotl"}
			}
		},
		{
			"from": [8, 13, 10],
			"to": [8, 4, 5],
			"rotation": {"angle": -22.5, "axis": "x", "origin": [8, 9, 7]},
			"faces": {
				"east": {"uv": [5, 6.5, 2.75, 7.75], "rotation": 90, "texture": "#axolotl"},
				"west": {"uv": [2.75, 6.5, 0.5, 7.75], "rotation": 270, "texture": "#axolotl"}
			}
		},
		{
			"from": [9.5, 7.34539, 2.88717],
			"to": [12.5, 12.34539, 2.88717],
			"faces": {
				"north": {"uv": [0.5, 3.25, 1.25, 4.5], "texture": "#axolotl"},
				"south": {"uv": [1.25, 3.25, 2, 4.5], "texture": "#axolotl"}
			}
		},
		{
			"from": [12.5, 12.34539, 2.88717],
			"to": [9.5, 7.34539, 2.88717],
			"faces": {
				"north": {"uv": [2, 3.25, 1.25, 4.5], "rotation": 180, "texture": "#axolotl"},
				"south": {"uv": [1.25, 3.25, 0.5, 4.5], "rotation": 180, "texture": "#axolotl"}
			}
		},
		{
			"from": [8.5, 1, 7.22417],
			"to": [11.5, 6, 7.22417],
			"rotation": {"angle": 45, "axis": "x", "origin": [8, 4, 7.2242]},
			"faces": {
				"north": {"uv": [0.5, 3.25, 1.25, 4.5], "texture": "#axolotl"},
				"south": {"uv": [1.25, 3.25, 2, 4.5], "texture": "#axolotl"}
			}
		},
		{
			"from": [11.5, 6, 7.22417],
			"to": [8.5, 1, 7.22417],
			"rotation": {"angle": 45, "axis": "x", "origin": [0, 4, 7.2242]},
			"faces": {
				"north": {"uv": [2, 3.25, 1.25, 4.5], "rotation": 180, "texture": "#axolotl"},
				"south": {"uv": [1.25, 3.25, 0.5, 4.5], "rotation": 180, "texture": "#axolotl"}
			}
		},
		{
			"from": [3.5, 7.34539, 2.88717],
			"to": [6.5, 12.34539, 2.88717],
			"faces": {
				"north": {"uv": [0.5, 3.25, 1.25, 4.5], "texture": "#axolotl"},
				"south": {"uv": [1.25, 3.25, 2, 4.5], "texture": "#axolotl"}
			}
		},
		{
			"from": [6.5, 12.34539, 2.88717],
			"to": [3.5, 7.34539, 2.88717],
			"faces": {
				"north": {"uv": [2, 3.25, 1.25, 4.5], "rotation": 180, "texture": "#axolotl"},
				"south": {"uv": [1.25, 3.25, 0.5, 4.5], "rotation": 180, "texture": "#axolotl"}
			}
		},
		{
			"from": [4.5, 1, 7.22417],
			"to": [7.5, 6, 7.22417],
			"rotation": {"angle": 45, "axis": "x", "origin": [8, 4, 7.2242]},
			"faces": {
				"north": {"uv": [0.5, 3.25, 1.25, 4.5], "texture": "#axolotl"},
				"south": {"uv": [1.25, 3.25, 2, 4.5], "texture": "#axolotl"}
			}
		},
		{
			"from": [7.5, 6, 7.22417],
			"to": [4.5, 1, 7.22417],
			"rotation": {"angle": 45, "axis": "x", "origin": [0, 4, 7.2242]},
			"faces": {
				"north": {"uv": [2, 3.25, 1.25, 4.5], "rotation": 180, "texture": "#axolotl"},
				"south": {"uv": [1.25, 3.25, 0.5, 4.5], "rotation": 180, "texture": "#axolotl"}
			}
		}
	]
}