{
	"parent": "item/default_thin",
	"textures": {
		"seeds": "item/beetroot_seeds",
		"particle": "#seeds"
	},
	"elements": [
		{
			"from": [5, 7, 3],
			"to": [7, 9, 5],
			"faces": {
				"north": {"uv": [2, 2, 4, 4], "texture": "#seeds"},
				"east": {"uv": [0, 2, 2, 4], "texture": "#seeds"},
				"south": {"uv": [6, 2, 8, 4], "texture": "#seeds"},
				"west": {"uv": [4, 2, 6, 4], "texture": "#seeds"},
				"up": {"uv": [4, 2, 2, 0], "texture": "#seeds"},
				"down": {"uv": [6, 0, 4, 2], "texture": "#seeds"}
			}
		},
		{
			"from": [3, 6, 7],
			"to": [5, 8, 9],
			"faces": {
				"north": {"uv": [2, 6, 4, 8], "texture": "#seeds"},
				"east": {"uv": [0, 6, 2, 8], "texture": "#seeds"},
				"south": {"uv": [6, 6, 8, 8], "texture": "#seeds"},
				"west": {"uv": [4, 6, 6, 8], "texture": "#seeds"},
				"up": {"uv": [4, 6, 2, 4], "texture": "#seeds"},
				"down": {"uv": [6, 4, 4, 6], "texture": "#seeds"}
			}
		},
		{
			"from": [7, 7, 10],
			"to": [9, 9, 12],
			"faces": {
				"north": {"uv": [2, 6, 4, 8], "texture": "#seeds"},
				"east": {"uv": [0, 6, 2, 8], "texture": "#seeds"},
				"south": {"uv": [6, 6, 8, 8], "texture": "#seeds"},
				"west": {"uv": [4, 6, 6, 8], "texture": "#seeds"},
				"up": {"uv": [4, 6, 2, 4], "texture": "#seeds"},
				"down": {"uv": [6, 4, 4, 6], "texture": "#seeds"}
			}
		},
		{
			"from": [10, 6, 8],
			"to": [12, 8, 10],
			"faces": {
				"north": {"uv": [2, 2, 4, 4], "texture": "#seeds"},
				"east": {"uv": [0, 2, 2, 4], "texture": "#seeds"},
				"south": {"uv": [6, 2, 8, 4], "texture": "#seeds"},
				"west": {"uv": [4, 2, 6, 4], "texture": "#seeds"},
				"up": {"uv": [4, 2, 2, 0], "texture": "#seeds"},
				"down": {"uv": [6, 0, 4, 2], "texture": "#seeds"}
			}
		},
		{
			"from": [6, 8, 6],
			"to": [8, 10, 8],
			"faces": {
				"north": {"uv": [2, 2, 4, 4], "texture": "#seeds"},
				"east": {"uv": [0, 2, 2, 4], "texture": "#seeds"},
				"south": {"uv": [6, 2, 8, 4], "texture": "#seeds"},
				"west": {"uv": [4, 2, 6, 4], "texture": "#seeds"},
				"up": {"uv": [4, 2, 2, 0], "texture": "#seeds"},
				"down": {"uv": [6, 0, 4, 2], "texture": "#seeds"}
			}
		},
		{
			"from": [9, 6, 4],
			"to": [11, 8, 6],
			"faces": {
				"north": {"uv": [2, 6, 4, 8], "texture": "#seeds"},
				"east": {"uv": [0, 6, 2, 8], "texture": "#seeds"},
				"south": {"uv": [6, 6, 8, 8], "texture": "#seeds"},
				"west": {"uv": [4, 6, 6, 8], "texture": "#seeds"},
				"up": {"uv": [4, 6, 2, 4], "texture": "#seeds"},
				"down": {"uv": [6, 4, 4, 6], "texture": "#seeds"}
			}
		}
	],
	"display": {
		"gui": {
			"rotation": [60, 200, 0],
			"scale": [1.125, 1.125, 1.125]
		},
		"head": {
			"translation": [0, 8.25, 0]
		}
	}
}