{
	"parent": "block/bell_ceiling",
	"textures": {
		"side": "block/bell_side",
		"top": "block/bell_top",
		"bottom": "block/bell_bottom",
		"bar": "block/dark_oak_planks",
		"particle": "block/bell_side"
	},
	"elements": [
		{
			"from": [7, 13, 7],
			"to": [9, 16, 9],
			"faces": {
				"north": {"uv": [7, 2, 9, 5], "texture": "#bar"},
				"east": {"uv": [1, 2, 3, 5], "texture": "#bar"},
				"south": {"uv": [6, 2, 8, 5], "texture": "#bar"},
				"west": {"uv": [4, 2, 6, 5], "texture": "#bar"},
				"up": {"uv": [1, 3, 3, 5], "texture": "#bar", "cullface": "up"}
			}
		},
		{
			"from": [5, 6, 5],
			"to": [11, 13, 11],
			"faces": {
				"north": {"uv": [1, 0, 7, 7], "texture": "#side"},
				"east": {"uv": [1, 0, 7, 7], "texture": "#side"},
				"south": {"uv": [1, 0, 7, 7], "texture": "#side"},
				"west": {"uv": [1, 0, 7, 7], "texture": "#side"},
				"up": {"uv": [1, 1, 7, 7], "texture": "#top"},
				"down": {"uv": [1, 1, 7, 7], "texture": "#bottom"}
			}
		},
		{
			"from": [4, 4, 4],
			"to": [12, 6, 12],
			"faces": {
				"north": {"uv": [0, 7, 8, 9], "texture": "#side"},
				"east": {"uv": [0, 7, 8, 9], "texture": "#side"},
				"south": {"uv": [0, 7, 8, 9], "texture": "#side"},
				"west": {"uv": [0, 7, 8, 9], "texture": "#side"},
				"up": {"uv": [0, 0, 8, 8], "texture": "#top"},
				"down": {"uv": [0, 0, 8, 8], "texture": "#bottom"}
			}
		}
	],
	"display": {
        "gui": {
            "rotation": [ 30, 225, 0 ],
            "translation": [ 0, 0, 0],
            "scale":[ 0.825, 0.825, 0.825 ]
        },
        "ground": {
            "rotation": [ 0, 0, 0 ],
            "translation": [ 0, 3, 0],
            "scale":[ 0.25, 0.25, 0.25 ]
        },
        "fixed": {
            "rotation": [ 0, 0, 0 ],
            "translation": [ 0, 0, 0],
            "scale":[ 0.5, 0.5, 0.5 ]
        },
        "thirdperson_righthand": {
            "rotation": [ 75, 45, 0 ],
            "translation": [ 0, 2.5, 0],
            "scale": [ 0.375, 0.375, 0.375 ]
        },
        "firstperson_righthand": {
            "rotation": [ 0, 45, 0 ],
            "translation": [ 0, 0, 0 ],
            "scale": [ 0.40, 0.40, 0.40 ]
        },
        "firstperson_lefthand": {
            "rotation": [ 0, 225, 0 ],
            "translation": [ 0, 0, 0 ],
            "scale": [ 0.40, 0.40, 0.40 ]
        }
	}
}