{
	"parent": "item/stick",
	"textures": {
		"stick": "item/blaze_rod"
	},
	"elements": [
		{
			"from": [7, 2, 7],
			"to": [9, 14, 9],
			"faces": {
				"north": {"uv": [2, 2, 4, 14], "texture": "#stick"},
				"east": {"uv": [0, 2, 2, 14], "texture": "#stick"},
				"south": {"uv": [6, 2, 8, 14], "texture": "#stick"},
				"west": {"uv": [4, 2, 6, 14], "texture": "#stick"},
				"up": {"uv": [4, 2, 2, 0], "texture": "#stick"},
				"down": {"uv": [6, 0, 4, 2], "texture": "#stick"}
			}
		}
	],
	"display": {
		"gui": {
			"rotation": [45, 22.5, -45],
			"scale": [1.375, 1.375, 1.375]
		}
	}
}