{
	"parent": "item/default_thin",
	"textures": {
		"book": "item/book",
		"particle": "#book"
	},
	"elements": [
		{
			"from": [5, 7, 3],
			"to": [11, 7.01, 13],
			"faces": {
				"up": {"uv": [0, 0, 1.5, 5], "texture": "#book"},
				"down": {"uv": [1.5, 0, 3, 5], "rotation": 180, "texture": "#book"}
			}
		},
		{
			"from": [5, 8.99, 3],
			"to": [11, 9, 13],
			"faces": {
				"up": {"uv": [5.5, 0, 7, 5], "texture": "#book"},
				"down": {"uv": [4, 0, 5.5, 5], "rotation": 180, "texture": "#book"}
			}
		},
		{
			"from": [10.99, 7, 3],
			"to": [11, 9, 13],
			"faces": {
				"east": {"uv": [3, 0, 3.5, 5], "rotation": 90, "texture": "#book"},
				"west": {"uv": [3.5, 0, 4, 5], "rotation": 90, "texture": "#book"}
			}
		},
		{
			"from": [6, 8, 4],
			"to": [11, 9, 12],
			"faces": {
				"north": {"uv": [4.5, 5, 5.75, 5.5], "rotation": 180, "texture": "#book"},
				"south": {"uv": [3.25, 5, 4.5, 5.5], "rotation": 180, "texture": "#book"},
				"west": {"uv": [3, 5.5, 3.25, 9.5], "texture": "#book"}
			}
		},
		{
			"from": [6, 7, 4],
			"to": [11, 8, 12],
			"faces": {
				"north": {"uv": [1.5, 5, 2.75, 5.5], "rotation": 180, "texture": "#book"},
				"south": {"uv": [0.25, 5, 1.5, 5.5], "rotation": 180, "texture": "#book"},
				"west": {"uv": [0, 5.5, 0.25, 9.5], "rotation": 180, "texture": "#book"}
			}
		}
	],
	"display": {
		"thirdperson_righthand": {
			"rotation": [75, 180, 0],
			"translation": [-0.5, 2.5, 0],
			"scale": [0.75, 0.75, 0.75]
		},
		"firstperson_righthand": {
			"rotation": [75, 180, -22.5],
			"translation": [0, 2, 0],
			"scale": [0.5, 0.5, 0.5]
		},
		"gui": {
			"rotation": [ 45, 225, 0 ],
			"scale": [1.25, 1.25, 1.25]
		},
		"head": {
			"translation": [0, 7.5, 0]
		}
	}
}