{
	"credit": "Made with Blockbench",
	"parent": "item/bow",
	"textures": {
		"bow": "item/bow"
	},
	"elements": [
		{
			"from": [7, 12, 7],
			"to": [9, 20, 9],
			"rotation": {"angle": 45, "axis": "x", "origin": [8, 12, 7]},
			"faces": {
				"north": {"uv": [1, 1, 2, 5], "texture": "#bow"},
				"east": {"uv": [0, 1, 1, 5], "texture": "#bow"},
				"south": {"uv": [3, 1, 4, 5], "texture": "#bow"},
				"west": {"uv": [2, 1, 3, 5], "texture": "#bow"},
				"up": {"uv": [2, 1, 1, 0], "texture": "#bow"},
				"down": {"uv": [3, 0, 2, 1], "texture": "#bow"}
			}
		},
		{
			"from": [6.99, 3.99, 6.99],
			"to": [9.01, 12.01, 9.01],
			"faces": {
				"north": {"uv": [5, 1, 6, 5], "texture": "#bow"},
				"east": {"uv": [4, 1, 5, 5], "texture": "#bow"},
				"south": {"uv": [7, 1, 8, 5], "texture": "#bow"},
				"west": {"uv": [6, 1, 7, 5], "texture": "#bow"},
				"up": {"uv": [6, 1, 5, 0], "texture": "#bow"},
				"down": {"uv": [7, 0, 6, 1], "texture": "#bow"}
			}
		},
		{
			"from": [7, -4, 7],
			"to": [9, 4, 9],
			"rotation": {"angle": -45, "axis": "x", "origin": [8, 4, 7]},
			"faces": {
				"north": {"uv": [9, 1, 10, 5], "texture": "#bow"},
				"east": {"uv": [8, 1, 9, 5], "texture": "#bow"},
				"south": {"uv": [11, 1, 12, 5], "texture": "#bow"},
				"west": {"uv": [10, 1, 11, 5], "texture": "#bow"},
				"up": {"uv": [10, 1, 9, 0], "texture": "#bow"},
				"down": {"uv": [11, 0, 10, 1], "texture": "#bow"}
			}
		},
		{
			"from": [7.99, 0, 7],
			"to": [8.01, 16, 23],
			"faces": {
				"east": {"uv": [0, 8, 8, 16], "texture": "#bow"},
				"west": {"uv": [8, 8, 16, 16], "texture": "#bow"}
			}
		},
		{
			"from": [4.5, 7.99, -3],
			"to": [9.5, 8.01, 13],
			"rotation": {"angle": 45, "axis": "z", "origin": [7, 8, 11.25]},
			"faces": {
				"up": {"uv": [0, 0, 8, 2.5], "rotation": 270, "texture": "#arrow"},
				"down": {"uv": [8, 0, 16, 2.5], "rotation": 270, "texture": "#arrow"}
			}
		},
		{
			"from": [4.5, 7.99, -3],
			"to": [9.5, 8.01, 13],
			"rotation": {"angle": -45, "axis": "z", "origin": [7, 8, 11.25]},
			"faces": {
				"up": {"uv": [0, 0, 8, 2.5], "rotation": 270, "texture": "#arrow"},
				"down": {"uv": [8, 0, 16, 2.5], "rotation": 270, "texture": "#arrow"}
			}
		},
		{
			"from": [4.5, 5.5, 10.99],
			"to": [9.5, 10.5, 11.01],
			"rotation": {"angle": -45, "axis": "z", "origin": [7, 8, 11.25]},
			"faces": {
				"north": {"uv": [5, 5, 2.5, 2.5], "texture": "#arrow"},
				"south": {"uv": [0, 2.5, 2.5, 5], "rotation": 180, "texture": "#arrow"}
			}
		}
	]
}