{
	"parent": "item/bundle",
	"textures": {
		"bundle": "item/bundle_open_front"
	},
	"elements": [
		{
			"from": [2, 3, 2],
			"to": [14, 10, 14],
			"faces": {
				"north": {"uv": [3, 3, 6, 4.75], "texture": "#bundle"},
				"east": {"uv": [0, 3, 3, 4.75], "texture": "#bundle"},
				"south": {"uv": [9, 3, 12, 4.75], "texture": "#bundle"},
				"west": {"uv": [6, 3, 9, 4.75], "texture": "#bundle"},
				"up": {"uv": [6, 3, 3, 0], "texture": "#bundle"},
				"down": {"uv": [9, 0, 6, 3], "texture": "#bundle"}
			}
		},
		{
			"from": [3, 10, 3],
			"to": [13, 11, 13],
			"faces": {
				"north": {"uv": [2.5, 7.25, 5, 7.5], "texture": "#bundle"},
				"east": {"uv": [0, 7.25, 2.5, 7.5], "texture": "#bundle"},
				"south": {"uv": [7.5, 7.25, 10, 7.5], "texture": "#bundle"},
				"west": {"uv": [5, 7.25, 7.5, 7.5], "texture": "#bundle"},
				"up": {"uv": [5, 7.25, 2.5, 4.75], "texture": "#bundle"},
				"down": {"uv": [7.5, 4.75, 5, 7.25], "texture": "#bundle"}
			}
		},
		{
			"from": [2.5, 11, 2.5],
			"to": [13.5, 13, 13.5],
			"faces": {
				"north": {"uv": [2.75, 10.25, 5.5, 10.75], "texture": "#bundle"},
				"east": {"uv": [0, 10.25, 2.75, 10.75], "texture": "#bundle"},
				"south": {"uv": [8.25, 10.25, 11, 10.75], "texture": "#bundle"},
				"west": {"uv": [5.5, 10.25, 8.25, 10.75], "texture": "#bundle"},
				"up": {"uv": [5.5, 10.25, 2.75, 7.5], "texture": "#bundle"},
				"down": {"uv": [8.25, 7.5, 5.5, 10.25], "texture": "#bundle"}
			}
		},
		{
			"from": [12.5, 13, 12.5],
			"to": [3.5, 4, 3.5],
			"faces": {
				"north": {"uv": [6.75, 13, 9, 15.25], "rotation": 180, "texture": "#bundle"},
				"east": {"uv": [0, 13, 2.25, 15.25], "rotation": 180, "texture": "#bundle"},
				"south": {"uv": [2.25, 13, 4.5, 15.25], "rotation": 180, "texture": "#bundle"},
				"west": {"uv": [4.5, 13, 6.75, 15.25], "rotation": 180, "texture": "#bundle"},
				"up": {"uv": [6.75, 10.75, 4.5, 13], "texture": "#bundle"},
				"down": {"uv": [4.5, 13, 2.25, 10.75], "texture": "#bundle"}
			}
		}
	],
	"display": {
		"gui": {
			"rotation": [30, 225, 0],
			"translation": [0, 0, 16],
			"scale": [0.875, 0.875, 0.875]
		}
	}
}