{
	"parent": "item/fishing_rod",
	"textures": {
		"carrot": "item/carrot",
		"rod": "item/fishing_rod_connect",
		"particle": "#carrot"
	},
	"elements": [
		{
			"from": [7, -4, 7],
			"to": [9, 20, 9],
			"faces": {
				"north": {"uv": [0.5, 0.5, 1, 6.5], "texture": "#rod"},
				"east": {"uv": [0, 0.5, 0.5, 6.5], "texture": "#rod"},
				"south": {"uv": [1.5, 0.5, 2, 6.5], "texture": "#rod"},
				"west": {"uv": [1, 0.5, 1.5, 6.5], "texture": "#rod"},
				"up": {"uv": [1, 0.5, 0.5, 0], "texture": "#rod"},
				"down": {"uv": [1.5, 0, 1, 0.5], "texture": "#rod"}
			}
		},
		{
			"from": [6.5, 0, 4],
			"to": [9.5, 3, 7],
			"rotation": {"angle": -45, "axis": "x", "origin": [8, 1.5, 5.5]},
			"faces": {
				"north": {"uv": [0.75, 7.25, 1.5, 8], "texture": "#rod"},
				"east": {"uv": [0, 7.25, 0.75, 8], "texture": "#rod"},
				"south": {"uv": [2.25, 7.25, 3, 8], "texture": "#rod"},
				"west": {"uv": [1.5, 7.25, 2.25, 8], "texture": "#rod"},
				"up": {"uv": [1.5, 7.25, 0.75, 6.5], "texture": "#rod"},
				"down": {"uv": [2.25, 6.5, 1.5, 7.25], "texture": "#rod"}
			}
		},
		{
			"from": [7.99, -5, -4],
			"to": [8.01, 19, 20],
			"rotation": {"angle": 45, "axis": "x", "origin": [8, 8, 8]},
			"faces": {
				"east": {"uv": [2, 0, 8, 6], "texture": "#rod"},
				"west": {"uv": [8, 0, 14, 6], "texture": "#rod"}
			}
		},
		{
			"from": [6.5, 2, -5.5],
			"to": [9.5, 7, -2.5],
			"faces": {
				"north": {"uv": [1.5, 3.5, 3, 6], "texture": "#carrot"},
				"east": {"uv": [0, 3.5, 1.5, 6], "texture": "#carrot"},
				"south": {"uv": [4.5, 3.5, 6, 6], "texture": "#carrot"},
				"west": {"uv": [3, 3.5, 4.5, 6], "texture": "#carrot"},
				"up": {"uv": [3, 3.5, 1.5, 2], "texture": "#carrot"},
				"down": {"uv": [4.5, 2, 3, 3.5], "texture": "#carrot"}
			}
		},
		{
			"from": [7, -1, -5],
			"to": [9, 2, -3],
			"faces": {
				"north": {"uv": [6, 2, 7, 3.5], "texture": "#carrot"},
				"east": {"uv": [5, 2, 6, 3.5], "texture": "#carrot"},
				"south": {"uv": [8, 2, 9, 3.5], "texture": "#carrot"},
				"west": {"uv": [7, 2, 8, 3.5], "texture": "#carrot"},
				"up": {"uv": [7, 2, 6, 1], "texture": "#carrot"},
				"down": {"uv": [8, 1, 7, 2], "texture": "#carrot"}
			}
		},
		{
			"from": [5, 7, -4.01],
			"to": [11, 11, -3.99],
			"rotation": {"angle": 45, "axis": "y", "origin": [8, 7, -4]},
			"faces": {
				"north": {"uv": [0, 0, 3, 2], "texture": "#carrot"},
				"south": {"uv": [3, 0, 6, 2], "texture": "#carrot"}
			}
		},
		{
			"from": [5, 7, -4.01],
			"to": [11, 11, -3.99],
			"rotation": {"angle": -45, "axis": "y", "origin": [8, 7, -4]},
			"faces": {
				"north": {"uv": [0, 0, 3, 2], "texture": "#carrot"},
				"south": {"uv": [3, 0, 6, 2], "texture": "#carrot"}
			}
		}
	],
	"display": {
		"gui": {
			"rotation": [-90, -45, -101.5],
			"translation": [0, 2.25, 0],
			"scale": [0.625, 0.625, 0.625]
		}
	}
}