{
	"parent": "item/default_rod",
	"textures": {
		"carrot": "item/carrot",
		"particle": "#carrot"
	},
	"elements": [
		{
			"from": [6.5, 5, 6.5],
			"to": [9.5, 10, 9.5],
			"faces": {
				"north": {"uv": [1.5, 3.5, 3, 6], "texture": "#carrot"},
				"east": {"uv": [0, 3.5, 1.5, 6], "texture": "#carrot"},
				"south": {"uv": [4.5, 3.5, 6, 6], "texture": "#carrot"},
				"west": {"uv": [3, 3.5, 4.5, 6], "texture": "#carrot"},
				"up": {"uv": [3, 3.5, 1.5, 2], "texture": "#carrot"},
				"down": {"uv": [4.5, 2, 3, 3.5], "texture": "#carrot"}
			}
		},
		{
			"from": [7, 2, 7],
			"to": [9, 5, 9],
			"faces": {
				"north": {"uv": [6, 2, 7, 3.5], "texture": "#carrot"},
				"east": {"uv": [5, 2, 6, 3.5], "texture": "#carrot"},
				"south": {"uv": [8, 2, 9, 3.5], "texture": "#carrot"},
				"west": {"uv": [7, 2, 8, 3.5], "texture": "#carrot"},
				"up": {"uv": [7, 2, 6, 1], "texture": "#carrot"},
				"down": {"uv": [8, 1, 7, 2], "texture": "#carrot"}
			}
		},
		{
			"from": [5, 10, 7.99],
			"to": [11, 14, 8.01],
			"rotation": {"angle": 45, "axis": "y", "origin": [8, 8, 8]},
			"faces": {
				"north": {"uv": [0, 0, 3, 2], "texture": "#carrot"},
				"south": {"uv": [3, 0, 6, 2], "texture": "#carrot"}
			}
		},
		{
			"from": [5, 10, 7.99],
			"to": [11, 14, 8.01],
			"rotation": {"angle": -45, "axis": "y", "origin": [8, 8, 8]},
			"faces": {
				"north": {"uv": [0, 0, 3, 2], "texture": "#carrot"},
				"south": {"uv": [3, 0, 6, 2], "texture": "#carrot"}
			}
		}
	],
	"display": {
		"gui": {
			"rotation": [45, 22.5, -45],
			"scale": [1.25, 1.25, 1.25]
		},
		"head": {
			"rotation": [90, 0, 0],
			"translation": [0, -2, -8]
		},
		"fixed": {
			"rotation": [0, 0, 45],
			"translation": [0, 0, -1],
			"scale": [1.25, 1.25, 1.25]
		},
		"firstperson_righthand": {
			"rotation": [11.25, 0, 0],
			"translation": [0, 1, 0],
			"scale": [0.5, 0.5, 0.5]
		}
	}
}