{
	"parent": "item/minecart",
	"textures": {
		"minecart": "entity/minecart",
		"chest": "entity/chest/normal",
		"particle": "#minecart"
	},
	"elements": [
		{
			"from": [0, 2, 16],
			"to": [16, 10, 18],
			"faces": {
				"north": {"uv": [0.5, 1, 4.5, 5], "texture": "#minecart"},
				"east": {"uv": [0, 1, 0.5, 5], "texture": "#minecart"},
				"south": {"uv": [5, 1, 9, 5], "texture": "#minecart"},
				"west": {"uv": [4.5, 1.25, 5, 5], "texture": "#minecart"},
				"up": {"uv": [0.5, 0, 4.5, 1], "rotation": 180, "texture": "#minecart"},
				"down": {"uv": [4.5, 0, 8.5, 1], "rotation": 180, "texture": "#minecart"}
			}
		},
		{
			"from": [0, 2, -2],
			"to": [16, 10, 0],
			"faces": {
				"north": {"uv": [5, 1, 9, 5], "texture": "#minecart"},
				"east": {"uv": [4.5, 1.25, 5, 5], "texture": "#minecart"},
				"south": {"uv": [0.5, 1, 4.5, 5], "texture": "#minecart"},
				"west": {"uv": [0, 1, 0.5, 5], "texture": "#minecart"},
				"up": {"uv": [0.5, 0, 4.5, 1], "texture": "#minecart"},
				"down": {"uv": [4.5, 0, 8.5, 1], "texture": "#minecart"}
			}
		},
		{
			"from": [14, 2, 0],
			"to": [16, 10, 16],
			"faces": {
				"north": {"uv": [0, 1, 0.5, 5], "texture": "#minecart"},
				"east": {"uv": [5, 1, 9, 5], "texture": "#minecart"},
				"south": {"uv": [4.5, 1.25, 5, 5], "texture": "#minecart"},
				"west": {"uv": [0.5, 1, 4.5, 5], "texture": "#minecart"},
				"up": {"uv": [0.5, 0, 4.5, 1], "rotation": 90, "texture": "#minecart"},
				"down": {"uv": [4.5, 0, 8.5, 1], "rotation": 270, "texture": "#minecart"}
			}
		},
		{
			"from": [0, 2, 0],
			"to": [2, 10, 16],
			"faces": {
				"north": {"uv": [4.5, 1.25, 5, 5], "texture": "#minecart"},
				"east": {"uv": [0.5, 1, 4.5, 5], "texture": "#minecart"},
				"south": {"uv": [0, 1, 0.5, 5], "texture": "#minecart"},
				"west": {"uv": [5, 1, 9, 5], "texture": "#minecart"},
				"up": {"uv": [0.5, 0, 4.5, 1], "rotation": 270, "texture": "#minecart"},
				"down": {"uv": [4.5, 0, 8.5, 1], "rotation": 90, "texture": "#minecart"}
			}
		},
		{
			"from": [0, 0, -2],
			"to": [16, 2, 18],
			"faces": {
				"north": {"uv": [5.5, 6, 6, 14], "rotation": 270, "texture": "#minecart"},
				"east": {"uv": [0.5, 5, 5.5, 6], "texture": "#minecart"},
				"south": {"uv": [0, 6, 0.5, 14], "rotation": 90, "texture": "#minecart"},
				"west": {"uv": [10.5, 5, 5.5, 6], "texture": "#minecart"},
				"up": {"uv": [6, 6, 11, 14], "rotation": 90, "texture": "#minecart"},
				"down": {"uv": [0.5, 6, 5.5, 14], "rotation": 90, "texture": "#minecart"}
			}
		},
		{
			"from": [1, 0.75, -1],
			"to": [15, 1.75, 17],
			"faces": {
				"north": {"uv": [15.75, 5.5, 16, 12.5], "rotation": 90, "texture": "#minecart"},
				"east": {"uv": [0, 5, 4.5, 5.5], "texture": "#minecart"},
				"south": {"uv": [11, 5.5, 11.25, 12.5], "rotation": 270, "texture": "#minecart"},
				"west": {"uv": [11.25, 5, 15.75, 5.5], "rotation": 180, "texture": "#minecart"},
				"up": {"uv": [11.25, 5.5, 15.75, 12.5], "rotation": 270, "texture": "#minecart"},
				"down": {"uv": [0, 5.5, 4.5, 12.5], "rotation": 270, "texture": "#minecart"}
			}
		},
		{
			"from": [2.75, 5, 2.75],
			"to": [13.25, 12.5, 13.25],
			"faces": {
				"north": {"uv": [10.5, 8.25, 14, 10.75], "rotation": 180, "texture": "#chest"},
				"east": {"uv": [0, 8.25, 3.5, 10.75], "rotation": 180, "texture": "#chest"},
				"south": {"uv": [3.5, 8.25, 7, 10.75], "rotation": 180, "texture": "#chest"},
				"west": {"uv": [7, 8.25, 10.5, 10.75], "rotation": 180, "texture": "#chest"},
				"up": {"uv": [7, 4.75, 10.5, 8.25], "rotation": 180, "texture": "#chest"},
				"down": {"uv": [7, 4.75, 3.5, 8.25], "texture": "#chest"}
			}
		},
		{
			"from": [2.75, 11.75, 2.75],
			"to": [13.25, 15.5, 13.25],
			"faces": {
				"north": {"uv": [10.5, 3.5, 14, 4.75], "rotation": 180, "texture": "#chest"},
				"east": {"uv": [7, 3.5, 10.5, 4.75], "rotation": 180, "texture": "#chest"},
				"south": {"uv": [3.5, 3.5, 7, 4.75], "rotation": 180, "texture": "#chest"},
				"west": {"uv": [0, 3.5, 3.5, 4.75], "rotation": 180, "texture": "#chest"},
				"up": {"uv": [7, 0, 10.5, 3.5], "rotation": 180, "texture": "#chest"},
				"down": {"uv": [7, 0, 10.5, 3.5], "texture": "#chest"}
			}
		},
		{
			"from": [7.25, 10.25, 2],
			"to": [8.75, 13.25, 2.75],
			"faces": {
				"north": {"uv": [1, 0.25, 1.5, 1.25], "rotation": 180, "texture": "#chest"},
				"east": {"uv": [0.75, 0.25, 1, 1.25], "rotation": 180, "texture": "#chest"},
				"south": {"uv": [0.25, 0.25, 0.75, 1.25], "rotation": 180, "texture": "#chest"},
				"west": {"uv": [0, 0.25, 0.25, 1.25], "rotation": 180, "texture": "#chest"},
				"up": {"uv": [0.25, 0, 0.75, 0.25], "rotation": 180, "texture": "#chest"},
				"down": {"uv": [0.75, 0, 1.25, 0.25], "rotation": 180, "texture": "#chest"}
			}
		}
	],
	"display": {
		"head": {
			"translation": [0, 8, 0]
		}
	}
}