{
	"parent": "item/default",
	"textures": {
		"chorus": "item/chorus_fruit",
		"particle": "#chorus"
	},
	"elements": [
		{
			"from": [4.5, 5, 5.5],
			"to": [11.5, 9, 10.5],
			"faces": {
				"north": {"uv": [2.5, 6, 6, 8], "texture": "#chorus"},
				"east": {"uv": [0, 6, 2.5, 8], "texture": "#chorus"},
				"south": {"uv": [8.5, 6, 12, 8], "texture": "#chorus"},
				"west": {"uv": [6, 6, 8.5, 8], "texture": "#chorus"},
				"up": {"uv": [6, 6, 2.5, 3.5], "texture": "#chorus"},
				"down": {"uv": [9.5, 3.5, 6, 6], "texture": "#chorus"}
			}
		},
		{
			"from": [4.5, 9, 5.5],
			"to": [8.5, 11, 10.5],
			"faces": {
				"north": {"uv": [2.5, 2.5, 4.5, 3.5], "texture": "#chorus"},
				"east": {"uv": [0, 2.5, 2.5, 3.5], "texture": "#chorus"},
				"south": {"uv": [7, 2.5, 9, 3.5], "texture": "#chorus"},
				"west": {"uv": [4.5, 2.5, 7, 3.5], "texture": "#chorus"},
				"up": {"uv": [4.5, 2.5, 2.5, 0], "texture": "#chorus"},
				"down": {"uv": [6.5, 0, 4.5, 2.5], "texture": "#chorus"}
			}
		},
		{
			"from": [6.5, 9, 7.99],
			"to": [10.5, 13, 8.01],
			"rotation": {"angle": -45, "axis": "y", "origin": [8.5, 4, 8]},
			"faces": {
				"north": {"uv": [6.5, 0, 8.5, 2], "texture": "#chorus"},
				"south": {"uv": [8.5, 0, 10.5, 2], "texture": "#chorus"}
			}
		},
		{
			"from": [6.5, 9, 7.99],
			"to": [10.5, 13, 8.01],
			"rotation": {"angle": 45, "axis": "y", "origin": [8.5, 4, 8]},
			"faces": {
				"north": {"uv": [10.5, 0, 12.5, 2], "texture": "#chorus"},
				"south": {"uv": [12.5, 0, 14.5, 2], "texture": "#chorus"}
			}
		}
	],
	"display": {
		"gui": {
			"rotation": [30, 225, 0],
			"scale": [1.375, 1.375, 1.375]
		},
		"head": {
			"translation": [0, 9.25, 0]
		},
		"fixed": {
			"translation": [0, 0, -2.5],
			"scale": [1.25, 1.25, 1.25]
		}
	}
}