{
	"parent": "item/template_ball_small",
	"textures": {
		"ball": "item/clay_ball"
	},
	"elements": [
		{
			"from": [5, 5, 5],
			"to": [11, 10, 11],
			"faces": {
				"north": {"uv": [3, 3, 6, 5.5], "texture": "#ball"},
				"east": {"uv": [0, 3, 3, 5.5], "texture": "#ball"},
				"south": {"uv": [9, 3, 12, 5.5], "texture": "#ball"},
				"west": {"uv": [6, 3, 9, 5.5], "texture": "#ball"},
				"up": {"uv": [6, 3, 3, 0], "texture": "#ball"},
				"down": {"uv": [9, 0, 6, 3], "texture": "#ball"}
			}
		}
	]
}