{
	"parent": "item/default",
	"textures": {
		"coal": "item/coal",
		"particle": "#coal"
	},
	"elements": [
		{
			"from": [4.5, 4, 4.5],
			"to": [11.5, 9, 11.5],
			"faces": {
				"north": {"uv": [3.5, 7.5, 7, 10], "texture": "#coal"},
				"east": {"uv": [0, 7.5, 3.5, 10], "texture": "#coal"},
				"south": {"uv": [10.5, 7.5, 14, 10], "texture": "#coal"},
				"west": {"uv": [7, 7.5, 10.5, 10], "texture": "#coal"},
				"up": {"uv": [7, 7.5, 3.5, 4], "texture": "#coal"},
				"down": {"uv": [10.5, 4, 7, 7.5], "texture": "#coal"}
			}
		},
		{
			"from": [6, 9, 6],
			"to": [11, 12, 11],
			"faces": {
				"north": {"uv": [2.5, 2.5, 5, 4], "texture": "#coal"},
				"east": {"uv": [0, 2.5, 2.5, 4], "texture": "#coal"},
				"south": {"uv": [7.5, 2.5, 10, 4], "texture": "#coal"},
				"west": {"uv": [5, 2.5, 7.5, 4], "texture": "#coal"},
				"up": {"uv": [5, 2.5, 2.5, 0], "texture": "#coal"},
				"down": {"uv": [7.5, 0, 5, 2.5], "texture": "#coal"}
			}
		}
	],
	"display": {
		"gui": {
			"rotation": [30, 225, 0],
			"scale": [1.125, 1.125, 1.125]
		}
	}
}