{
	"parent": "item/default",
	"textures": {
		"cod": "entity/fish/cod",
		"particle": "#cod"
	},
	"elements": [
		{
			"from": [8, 10, 4],
			"to": [8, 11, 10],
			"faces": {
				"north": {"uv": [13, 0, 13, 0.5], "texture": "#cod"},
				"east": {"uv": [10, 0, 13, 0.5], "texture": "#cod"},
				"south": {"uv": [16, 0, 16, 0.5], "texture": "#cod"},
				"west": {"uv": [13, 0, 16, 0.5], "texture": "#cod"},
				"up": {"uv": [13, 0, 13, -3], "texture": "#cod"},
				"down": {"uv": [13, -3, 13, 0], "texture": "#cod"}
			}
		},
		{
			"from": [8.01, 10, 4],
			"to": [8.01, 11, 10],
			"faces": {
				"east": {"uv": [16, 0, 13, 0.5], "texture": "#cod"},
				"west": {"uv": [13, 0, 10, 0.5], "texture": "#cod"}
			}
		},
		{
			"from": [7, 6, 5],
			"to": [9, 10, 12],
			"faces": {
				"north": {"uv": [3.5, 3.5, 4.5, 5.5], "texture": "#cod"},
				"east": {"uv": [0, 3.5, 3.5, 5.5], "texture": "#cod"},
				"south": {"uv": [8, 3.5, 9, 5.5], "texture": "#cod"},
				"west": {"uv": [4.5, 3.5, 8, 5.5], "texture": "#cod"},
				"up": {"uv": [4.5, 3.5, 3.5, 0], "texture": "#cod"},
				"down": {"uv": [5.5, 0, 4.5, 3.5], "texture": "#cod"}
			}
		},
		{
			"from": [6.9992, 7.0008, 1],
			"to": [8.9992, 10.0008, 2],
			"faces": {
				"north": {"uv": [0.5, 0.5, 1.5, 2], "texture": "#cod"},
				"east": {"uv": [0, 0.5, 0.5, 2], "texture": "#cod"},
				"south": {"uv": [2, 0.5, 3, 2], "texture": "#cod"},
				"west": {"uv": [1.5, 0.5, 2, 2], "texture": "#cod"},
				"up": {"uv": [1.5, 0.5, 0.5, 0], "texture": "#cod"},
				"down": {"uv": [2.5, 0, 1.5, 0.5], "texture": "#cod"}
			}
		},
		{
			"from": [7, 6, 2],
			"to": [9, 10, 5],
			"faces": {
				"north": {"uv": [7, 1.5, 8, 3.5], "texture": "#cod"},
				"east": {"uv": [5.5, 1.5, 7, 3.5], "texture": "#cod"},
				"south": {"uv": [9.5, 1.5, 10.5, 3.5], "texture": "#cod"},
				"west": {"uv": [8, 1.5, 9.5, 3.5], "texture": "#cod"},
				"up": {"uv": [8, 1.5, 7, 0], "texture": "#cod"},
				"down": {"uv": [9, 0, 8, 1.5], "texture": "#cod"}
			}
		},
		{
			"from": [5, 7, 4],
			"to": [7, 7, 6],
			"rotation": {"angle": 45, "axis": "z", "origin": [7, 7, 4]},
			"faces": {
				"up": {"uv": [14, 3, 13, 2], "texture": "#cod"},
				"down": {"uv": [15, 2, 14, 3], "texture": "#cod"}
			}
		},
		{
			"from": [5, 6.99, 4],
			"to": [7, 6.99, 6],
			"rotation": {"angle": 45, "axis": "z", "origin": [7, 7, 4]},
			"faces": {
				"up": {"uv": [15, 3, 14, 2], "texture": "#cod"},
				"down": {"uv": [14, 2, 13, 3], "texture": "#cod"}
			}
		},
		{
			"from": [9, 7, 4],
			"to": [11, 7, 6],
			"rotation": {"angle": -45, "axis": "z", "origin": [9, 7, 4]},
			"faces": {
				"up": {"uv": [14, 1.5, 13, 0.5], "texture": "#cod"},
				"down": {"uv": [15, 0.5, 14, 1.5], "texture": "#cod"}
			}
		},
		{
			"from": [9, 6.99, 4],
			"to": [11, 6.99, 6],
			"rotation": {"angle": -45, "axis": "z", "origin": [9, 7, 4]},
			"faces": {
				"up": {"uv": [15, 1.5, 14, 0.5], "texture": "#cod"},
				"down": {"uv": [14, 0.5, 13, 1.5], "texture": "#cod"}
			}
		},
		{
			"from": [8, 6, 12],
			"to": [8, 10, 16],
			"faces": {
				"north": {"uv": [13, 3.5, 13, 5.5], "texture": "#cod"},
				"east": {"uv": [11, 3.5, 13, 5.5], "texture": "#cod"},
				"south": {"uv": [15, 3.5, 15, 5.5], "texture": "#cod"},
				"west": {"uv": [13, 3.5, 15, 5.5], "texture": "#cod"},
				"up": {"uv": [13, 3.5, 13, 1.5], "texture": "#cod"},
				"down": {"uv": [13, 1.5, 13, 3.5], "texture": "#cod"}
			}
		},
		{
			"from": [8.01, 6, 12],
			"to": [8.01, 10, 16],
			"faces": {
				"east": {"uv": [15, 3.5, 13, 5.5], "texture": "#cod"},
				"west": {"uv": [13, 3.5, 11, 5.5], "texture": "#cod"}
			}
		}
	],
	"display": {
		"firstperson_righthand": {
			"rotation": [0, 45, 0],
			"translation": [1, 0, 0],
			"scale": [0.5, 0.5, 0.5]
		},
		"ground": {
			"rotation": [90, 90, 0],
			"translation": [0, 1, 0],
			"scale": [0.5, 0.5, 0.5]
		},
		"gui": {
			"rotation": [30, 225, 0],
			"scale": [1.25, 1.25, 1.25]
		},
		"head": {
			"rotation": [-10, 180, 0],
			"translation": [-7.25, -2, -5]
		},
		"fixed": {
			"rotation": [-90, -45, -90],
			"translation": [0, 0, -0.5],
			"scale": [1.25, 1.25, 1.25]
		}
	}
}