{
	"parent": "item/template_bucket",
	"textures": {
		"contents": "item/water_bucket",
		"cod": "entity/fish/cod"
	},
	"elements": [
		{
			"from": [4, 3, 3],
			"to": [13, 12, 4],
			"faces": {
				"north": {"uv": [0.5, 0.5, 5, 5], "texture": "#bucket"},
				"east": {"uv": [0, 0.5, 0.5, 5], "texture": "#bucket"},
				"south": {"uv": [5.5, 0.5, 10, 5], "texture": "#bucket"},
				"west": {"uv": [5, 0.5, 5.5, 5], "texture": "#bucket"},
				"up": {"uv": [5, 0.5, 0.5, 0], "texture": "#bucket"},
				"down": {"uv": [9.5, 0, 5, 0.5], "texture": "#bucket"}
			}
		},
		{
			"from": [4.5, 1, 3.5],
			"to": [12.5, 3, 4.5],
			"faces": {
				"north": {"uv": [0.5, 5.5, 4.5, 6.5], "texture": "#bucket"},
				"east": {"uv": [0, 5.5, 0.5, 6.5], "texture": "#bucket"},
				"south": {"uv": [5, 5.5, 9, 6.5], "texture": "#bucket"},
				"west": {"uv": [4.5, 5.5, 5, 6.5], "texture": "#bucket"},
				"up": {"uv": [4.5, 5.5, 0.5, 5], "texture": "#bucket"},
				"down": {"uv": [8.5, 5, 4.5, 5.5], "texture": "#bucket"}
			}
		},
		{
			"from": [3, 3, 3],
			"to": [4, 12, 12],
			"faces": {
				"north": {"uv": [0, 0.5, 0.5, 5], "texture": "#bucket"},
				"east": {"uv": [5.5, 0.5, 10, 5], "texture": "#bucket"},
				"south": {"uv": [5, 0.5, 5.5, 5], "texture": "#bucket"},
				"west": {"uv": [0.5, 0.5, 5, 5], "texture": "#bucket"},
				"up": {"uv": [5, 0.5, 0.5, 0], "rotation": 270, "texture": "#bucket"},
				"down": {"uv": [9.5, 0, 5, 0.5], "rotation": 90, "texture": "#bucket"}
			}
		},
		{
			"from": [3.5, 1, 3.5],
			"to": [4.5, 3, 11.5],
			"faces": {
				"north": {"uv": [0, 5.5, 0.5, 6.5], "texture": "#bucket"},
				"east": {"uv": [5, 5.5, 9, 6.5], "texture": "#bucket"},
				"south": {"uv": [4.5, 5.5, 5, 6.5], "texture": "#bucket"},
				"west": {"uv": [0.5, 5.5, 4.5, 6.5], "texture": "#bucket"},
				"up": {"uv": [4.5, 5.5, 0.5, 5], "rotation": 270, "texture": "#bucket"},
				"down": {"uv": [8.5, 5, 4.5, 5.5], "rotation": 90, "texture": "#bucket"}
			}
		},
		{
			"from": [3, 3, 12],
			"to": [12, 12, 13],
			"faces": {
				"north": {"uv": [5.5, 0.5, 10, 5], "texture": "#bucket"},
				"east": {"uv": [5, 0.5, 5.5, 5], "texture": "#bucket"},
				"south": {"uv": [0.5, 0.5, 5, 5], "texture": "#bucket"},
				"west": {"uv": [0, 0.5, 0.5, 5], "texture": "#bucket"},
				"up": {"uv": [5, 0.5, 0.5, 0], "rotation": 180, "texture": "#bucket"},
				"down": {"uv": [9.5, 0, 5, 0.5], "rotation": 180, "texture": "#bucket"}
			}
		},
		{
			"from": [3.5, 1, 11.5],
			"to": [11.5, 3, 12.5],
			"faces": {
				"north": {"uv": [5, 5.5, 9, 6.5], "texture": "#bucket"},
				"east": {"uv": [4.5, 5.5, 5, 6.5], "texture": "#bucket"},
				"south": {"uv": [0.5, 5.5, 4.5, 6.5], "texture": "#bucket"},
				"west": {"uv": [0, 5.5, 0.5, 6.5], "texture": "#bucket"},
				"up": {"uv": [4.5, 5.5, 0.5, 5], "rotation": 180, "texture": "#bucket"},
				"down": {"uv": [8.5, 5, 4.5, 5.5], "rotation": 180, "texture": "#bucket"}
			}
		},
		{
			"from": [12, 3, 4],
			"to": [13, 12, 13],
			"faces": {
				"north": {"uv": [5, 0.5, 5.5, 5], "texture": "#bucket"},
				"east": {"uv": [0.5, 0.5, 5, 5], "texture": "#bucket"},
				"south": {"uv": [0, 0.5, 0.5, 5], "texture": "#bucket"},
				"west": {"uv": [5.5, 0.5, 10, 5], "texture": "#bucket"},
				"up": {"uv": [5, 0.5, 0.5, 0], "rotation": 90, "texture": "#bucket"},
				"down": {"uv": [9.5, 0, 5, 0.5], "rotation": 270, "texture": "#bucket"}
			}
		},
		{
			"from": [11.5, 1, 4.5],
			"to": [12.5, 3, 12.5],
			"faces": {
				"north": {"uv": [4.5, 5.5, 5, 6.5], "texture": "#bucket"},
				"east": {"uv": [0.5, 5.5, 4.5, 6.5], "texture": "#bucket"},
				"south": {"uv": [0, 5.5, 0.5, 6.5], "texture": "#bucket"},
				"west": {"uv": [5, 5.5, 9, 6.5], "texture": "#bucket"},
				"up": {"uv": [4.5, 5.5, 0.5, 5], "rotation": 90, "texture": "#bucket"},
				"down": {"uv": [8.5, 5, 4.5, 5.5], "rotation": 270, "texture": "#bucket"}
			}
		},
		{
			"from": [4.5, 1, 4.5],
			"to": [11.5, 2, 11.5],
			"faces": {
				"north": {"uv": [3.5, 10, 7, 10.5], "texture": "#bucket"},
				"east": {"uv": [0, 10, 3.5, 10.5], "texture": "#bucket"},
				"south": {"uv": [10.5, 10, 14, 10.5], "texture": "#bucket"},
				"west": {"uv": [7, 10, 10.5, 10.5], "texture": "#bucket"},
				"up": {"uv": [7, 10, 3.5, 6.5], "texture": "#bucket"},
				"down": {"uv": [10.5, 6.5, 7, 10], "texture": "#bucket"}
			}
		},
		{
			"from": [2.5, 2, 7.5],
			"to": [13.5, 10, 8.5],
			"rotation": {"angle": -45, "axis": "x", "origin": [8, 9.5, 8]},
			"faces": {
				"north": {"uv": [0.5, 11, 6, 15], "texture": "#bucket"},
				"east": {"uv": [0, 11, 0.5, 15], "texture": "#bucket"},
				"south": {"uv": [6.5, 11, 12, 15], "texture": "#bucket"},
				"west": {"uv": [6, 11, 6.5, 15], "texture": "#bucket"},
				"up": {"uv": [6, 11, 0.5, 10.5], "texture": "#bucket"},
				"down": {"uv": [11.5, 10.5, 6, 11], "texture": "#bucket"}
			}
		},
		{
			"from": [13.49, 9.99, 8.49],
			"to": [2.51, 2.01, 7.51],
			"rotation": {"angle": -45, "axis": "x", "origin": [8, 9.5, 8]},
			"faces": {
				"north": {"uv": [6.5, 15, 12, 11], "texture": "#bucket"},
				"east": {"uv": [6, 15, 6.5, 11], "texture": "#bucket"},
				"south": {"uv": [0.5, 15, 6, 11], "texture": "#bucket"},
				"west": {"uv": [0, 15, 0.5, 11], "texture": "#bucket"},
				"up": {"uv": [6, 10.5, 11.5, 11], "texture": "#bucket"},
				"down": {"uv": [0.5, 11, 6, 10.5], "texture": "#bucket"}
			}
		},
		{
			"from": [4, 2, 4],
			"to": [12, 11, 12],
			"faces": {
				"up": {"uv": [4, 4, 12, 12], "texture": "#contents"}
			}
		},
		{
			"from": [8, 7, 10],
			"to": [8, 13, 11],
			"rotation": {"angle": -22.5, "axis": "x", "origin": [8, 9, 8]},
			"faces": {
				"north": {"uv": [13, -3, 13, 0], "rotation": 180, "texture": "#cod"},
				"east": {"uv": [10, 0, 13, 0.5], "rotation": 270, "texture": "#cod"},
				"south": {"uv": [13, 0, 13, -3], "texture": "#cod"},
				"west": {"uv": [13, 0, 16, 0.5], "rotation": 90, "texture": "#cod"},
				"up": {"uv": [13, 0, 13, 0.5], "rotation": 180, "texture": "#cod"},
				"down": {"uv": [16, 0, 16, 0.5], "texture": "#cod"}
			}
		},
		{
			"from": [8.01, 7, 10],
			"to": [8.01, 13, 11],
			"rotation": {"angle": -22.5, "axis": "x", "origin": [8, 9, 8]},
			"faces": {
				"east": {"uv": [16, 0, 13, 0.5], "rotation": 270, "texture": "#cod"},
				"west": {"uv": [13, 0, 10, 0.5], "rotation": 90, "texture": "#cod"}
			}
		},
		{
			"from": [7, 5, 6],
			"to": [9, 12, 10],
			"rotation": {"angle": -22.5, "axis": "x", "origin": [8, 9, 8]},
			"faces": {
				"north": {"uv": [5.5, 0, 4.5, 3.5], "rotation": 180, "texture": "#cod"},
				"east": {"uv": [0, 3.5, 3.5, 5.5], "rotation": 270, "texture": "#cod"},
				"south": {"uv": [4.5, 3.5, 3.5, 0], "texture": "#cod"},
				"west": {"uv": [4.5, 3.5, 8, 5.5], "rotation": 90, "texture": "#cod"},
				"up": {"uv": [3.5, 3.5, 4.5, 5.5], "rotation": 180, "texture": "#cod"},
				"down": {"uv": [8, 3.5, 9, 5.5], "texture": "#cod"}
			}
		},
		{
			"from": [6.9992, 15, 7.0008],
			"to": [8.9992, 16, 10.0008],
			"rotation": {"angle": -22.5, "axis": "x", "origin": [8, 9, 8]},
			"faces": {
				"north": {"uv": [2.5, 0, 1.5, 0.5], "rotation": 180, "texture": "#cod"},
				"east": {"uv": [0, 0.5, 0.5, 2], "rotation": 270, "texture": "#cod"},
				"south": {"uv": [1.5, 0.5, 0.5, 0], "texture": "#cod"},
				"west": {"uv": [1.5, 0.5, 2, 2], "rotation": 90, "texture": "#cod"},
				"up": {"uv": [0.5, 0.5, 1.5, 2], "rotation": 180, "texture": "#cod"},
				"down": {"uv": [2, 0.5, 3, 2], "texture": "#cod"}
			}
		},
		{
			"from": [7, 12, 6],
			"to": [9, 15, 10],
			"rotation": {"angle": -22.5, "axis": "x", "origin": [8, 9, 8]},
			"faces": {
				"north": {"uv": [9, 0, 8, 1.5], "rotation": 180, "texture": "#cod"},
				"east": {"uv": [5.5, 1.5, 7, 3.5], "rotation": 270, "texture": "#cod"},
				"south": {"uv": [8, 1.5, 7, 0], "texture": "#cod"},
				"west": {"uv": [8, 1.5, 9.5, 3.5], "rotation": 90, "texture": "#cod"},
				"up": {"uv": [7, 1.5, 8, 3.5], "rotation": 180, "texture": "#cod"},
				"down": {"uv": [9.5, 1.5, 10.5, 3.5], "texture": "#cod"}
			}
		},
		{
			"from": [5, 11, 7],
			"to": [7, 13, 7],
			"rotation": {"angle": -22.5, "axis": "x", "origin": [8, 9, 8]},
			"faces": {
				"north": {"uv": [15, 2, 14, 3], "rotation": 180, "texture": "#cod"},
				"south": {"uv": [14, 3, 13, 2], "texture": "#cod"}
			}
		},
		{
			"from": [5, 11, 6.99],
			"to": [7, 13, 6.99],
			"rotation": {"angle": -22.5, "axis": "x", "origin": [8, 9, 8]},
			"faces": {
				"north": {"uv": [14, 2, 13, 3], "rotation": 180, "texture": "#cod"},
				"south": {"uv": [15, 3, 14, 2], "texture": "#cod"}
			}
		},
		{
			"from": [9, 11, 7],
			"to": [11, 13, 7],
			"rotation": {"angle": -22.5, "axis": "x", "origin": [8, 9, 8]},
			"faces": {
				"north": {"uv": [15, 0.5, 14, 1.5], "rotation": 180, "texture": "#cod"},
				"south": {"uv": [14, 1.5, 13, 0.5], "texture": "#cod"}
			}
		},
		{
			"from": [9, 11, 6.99],
			"to": [11, 13, 6.99],
			"rotation": {"angle": -22.5, "axis": "x", "origin": [8, 9, 8]},
			"faces": {
				"north": {"uv": [14, 0.5, 13, 1.5], "rotation": 180, "texture": "#cod"},
				"south": {"uv": [15, 1.5, 14, 0.5], "texture": "#cod"}
			}
		},
		{
			"from": [8, 2, 6],
			"to": [8, 6, 10],
			"rotation": {"angle": -22.5, "axis": "x", "origin": [8, 9, 8]},
			"faces": {
				"north": {"uv": [13, 1.5, 13, 3.5], "rotation": 180, "texture": "#cod"},
				"east": {"uv": [11, 3.5, 13, 5.5], "rotation": 270, "texture": "#cod"},
				"south": {"uv": [13, 3.5, 13, 1.5], "texture": "#cod"},
				"west": {"uv": [13, 3.5, 15, 5.5], "rotation": 90, "texture": "#cod"},
				"up": {"uv": [13, 3.5, 13, 5.5], "rotation": 180, "texture": "#cod"},
				"down": {"uv": [15, 3.5, 15, 5.5], "texture": "#cod"}
			}
		},
		{
			"from": [8.01, 2, 6],
			"to": [8.01, 6, 10],
			"rotation": {"angle": -22.5, "axis": "x", "origin": [8, 9, 8]},
			"faces": {
				"east": {"uv": [15, 3.5, 13, 5.5], "rotation": 270, "texture": "#cod"},
				"west": {"uv": [13, 3.5, 11, 5.5], "rotation": 90, "texture": "#cod"}
			}
		}
	]
}