{
	"parent": "item/default",
	"textures": {
		"compass": "item/compass_16",
		"particle": "#compass"
	},
	"elements": [
		{
			"from": [3.5, 6.5, 3.5],
			"to": [12.5, 9.5, 12.5],
			"faces": {
				"north": {"uv": [10.5, 0, 6, 1.5], "rotation": 180, "texture": "#compass"},
				"east": {"uv": [0, 1.5, 1.5, 6], "rotation": 270, "texture": "#compass"},
				"south": {"uv": [6, 1.5, 1.5, 0], "texture": "#compass"},
				"west": {"uv": [6, 1.5, 7.5, 6], "rotation": 90, "texture": "#compass"},
				"up": {"uv": [1.5, 1.5, 6, 6], "rotation": 180, "texture": "#compass"},
				"down": {"uv": [7.5, 1.5, 12, 6], "texture": "#compass"}
			}
		},
		{
			"from": [12.49, 9.49, 12.49],
			"to": [3.51, 6.51, 3.51],
			"faces": {
				"north": {"uv": [1.5, 1.5, 6, 0], "rotation": 180, "texture": "#compass"},
				"east": {"uv": [6, 6, 7.5, 1.5], "rotation": 270, "texture": "#compass"},
				"south": {"uv": [6, 0, 10.5, 1.5], "texture": "#compass"},
				"west": {"uv": [0, 6, 1.5, 1.5], "rotation": 90, "texture": "#compass"},
				"up": {"uv": [7.5, 6, 12, 1.5], "rotation": 180, "texture": "#compass"},
				"down": {"uv": [1.5, 6, 6, 1.5], "texture": "#compass"}
			}
		},
		{
			"from": [3.5, 8.5, 3.5],
			"to": [12.5, 8.5, 12.5],
			"faces": {
				"up": {"uv": [0, 6, 4.5, 10.5], "rotation": 180, "texture": "#compass"}
			}
		}
	],
    "overrides": [
        { "predicate": { "angle": 0.000000 }, "model": "item/compass_16" },
        { "predicate": { "angle": 0.015625 }, "model": "item/compass_17" },
        { "predicate": { "angle": 0.046875 }, "model": "item/compass_18" },
        { "predicate": { "angle": 0.078125 }, "model": "item/compass_19" },
        { "predicate": { "angle": 0.109375 }, "model": "item/compass_20" },
        { "predicate": { "angle": 0.140625 }, "model": "item/compass_21" },
        { "predicate": { "angle": 0.171875 }, "model": "item/compass_22" },
        { "predicate": { "angle": 0.203125 }, "model": "item/compass_23" },
        { "predicate": { "angle": 0.234375 }, "model": "item/compass_24" },
        { "predicate": { "angle": 0.265625 }, "model": "item/compass_25" },
        { "predicate": { "angle": 0.296875 }, "model": "item/compass_26" },
        { "predicate": { "angle": 0.328125 }, "model": "item/compass_27" },
        { "predicate": { "angle": 0.359375 }, "model": "item/compass_28" },
        { "predicate": { "angle": 0.390625 }, "model": "item/compass_29" },
        { "predicate": { "angle": 0.421875 }, "model": "item/compass_30" },
        { "predicate": { "angle": 0.453125 }, "model": "item/compass_31" },
        { "predicate": { "angle": 0.484375 }, "model": "item/compass_00" },
        { "predicate": { "angle": 0.515625 }, "model": "item/compass_01" },
        { "predicate": { "angle": 0.546875 }, "model": "item/compass_02" },
        { "predicate": { "angle": 0.578125 }, "model": "item/compass_03" },
        { "predicate": { "angle": 0.609375 }, "model": "item/compass_04" },
        { "predicate": { "angle": 0.640625 }, "model": "item/compass_05" },
        { "predicate": { "angle": 0.671875 }, "model": "item/compass_06" },
        { "predicate": { "angle": 0.703125 }, "model": "item/compass_07" },
        { "predicate": { "angle": 0.734375 }, "model": "item/compass_08" },
        { "predicate": { "angle": 0.765625 }, "model": "item/compass_09" },
        { "predicate": { "angle": 0.796875 }, "model": "item/compass_10" },
        { "predicate": { "angle": 0.828125 }, "model": "item/compass_11" },
        { "predicate": { "angle": 0.859375 }, "model": "item/compass_12" },
        { "predicate": { "angle": 0.890625 }, "model": "item/compass_13" },
        { "predicate": { "angle": 0.921875 }, "model": "item/compass_14" },
        { "predicate": { "angle": 0.953125 }, "model": "item/compass_15" },
        { "predicate": { "angle": 0.984375 }, "model": "item/compass_16" }
	],
	"gui_light": "front",
	"display": {
		"thirdperson_righthand": {
			"rotation": [75, 168.75, 0],
			"translation": [0, 2, 0],
			"scale": [0.5, 0.5, 0.5]
		},
		"firstperson_righthand": {
			"rotation": [22.5, 157.5, -22.5],
			"translation": [0, 2, 0],
			"scale": [0.375, 0.375, 0.375]
		},
		"gui": {
			"rotation": [45, 180, 0],
			"scale": [1.25, 1.25, 1.25]
		},
		"head": {
			"rotation": [0, 180, 0],
			"translation": [0, 7.75, 0]
		},
		"fixed": {
			"rotation": [-90, 0, 0],
			"translation": [0, 0, -1],
			"scale": [1.25, 1.25, 1.25]
		}
	}
}