{
	"parent": "item/default_thin",
	"textures": {
		"cookie": "item/cookie",
		"particle": "#cookie"
	},
	"elements": [
		{
			"from": [5, 7, 5],
			"to": [11, 8, 11],
			"faces": {
				"north": {"uv": [13, 0, 7, 1], "rotation": 180, "texture": "#cookie"},
				"east": {"uv": [0, 1, 1, 7], "rotation": 270, "texture": "#cookie"},
				"south": {"uv": [7, 1, 1, 0], "texture": "#cookie"},
				"west": {"uv": [7, 1, 8, 7], "rotation": 90, "texture": "#cookie"},
				"up": {"uv": [1, 1, 7, 7], "rotation": 180, "texture": "#cookie"},
				"down": {"uv": [8, 1, 14, 7], "texture": "#cookie"}
			}
		}
	],
	"display": {
		"firstperson_righthand": {
			"rotation": [0, 45, 0],
			"translation": [0, 1, 0],
			"scale": [0.4, 0.4, 0.4]
		},
		"gui": {
			"rotation": [45, 225, 0],
			"scale": [1.5, 1.5, 1.5]
		}
	}
}