{
	"parent": "item/default",
	"textures": {
		"bow": "item/crossbow_standby",
		"particle": "#bow"
	},
	"elements": [
		{
			"from": [12, 7.5, 0],
			"to": [20, 9.5, 2],
			"rotation": {"angle": -45, "axis": "y", "origin": [12, 7.5, 0]},
			"faces": {
				"north": {"uv": [0.5, 0.5, 2.5, 1], "texture": "#bow"},
				"east": {"uv": [0, 0.5, 0.5, 1], "texture": "#bow"},
				"south": {"uv": [3, 0.5, 5, 1], "texture": "#bow"},
				"west": {"uv": [2.5, 0.5, 3, 1], "texture": "#bow"},
				"up": {"uv": [2.5, 0.5, 0.5, 0], "texture": "#bow"},
				"down": {"uv": [4.5, 0, 2.5, 0.5], "texture": "#bow"}
			}
		},
		{
			"from": [3.99, 7.49, -0.01],
			"to": [12.01, 9.51, 2.01],
			"faces": {
				"north": {"uv": [0.5, 1.5, 2.5, 2], "texture": "#bow"},
				"east": {"uv": [0, 1.5, 0.5, 2], "texture": "#bow"},
				"south": {"uv": [3, 1.5, 5, 2], "texture": "#bow"},
				"west": {"uv": [2.5, 1.5, 3, 2], "texture": "#bow"},
				"up": {"uv": [2.5, 1.5, 0.5, 1], "texture": "#bow"},
				"down": {"uv": [4.5, 1, 2.5, 1.5], "texture": "#bow"}
			}
		},
		{
			"from": [-4, 7.5, 0],
			"to": [4, 9.5, 2],
			"rotation": {"angle": 45, "axis": "y", "origin": [4, 7.5, 0]},
			"faces": {
				"north": {"uv": [0.5, 2.5, 2.5, 3], "texture": "#bow"},
				"east": {"uv": [0, 2.5, 0.5, 3], "texture": "#bow"},
				"south": {"uv": [3, 2.5, 5, 3], "texture": "#bow"},
				"west": {"uv": [2.5, 2.5, 3, 3], "texture": "#bow"},
				"up": {"uv": [2.5, 2.5, 0.5, 2], "texture": "#bow"},
				"down": {"uv": [4.5, 2, 2.5, 2.5], "texture": "#bow"}
			}
		},
		{
			"from": [6, 7, 2],
			"to": [10, 9, 16],
			"faces": {
				"north": {"uv": [5, 3.5, 6, 4], "texture": "#bow"},
				"east": {"uv": [1.5, 3.5, 5, 4], "texture": "#bow"},
				"south": {"uv": [9.5, 3.5, 10.5, 4], "texture": "#bow"},
				"west": {"uv": [6, 3.5, 9.5, 4], "texture": "#bow"},
				"up": {"uv": [6, 3.5, 5, 0], "texture": "#bow"},
				"down": {"uv": [7, 0, 6, 3.5], "texture": "#bow"}
			}
		},
		{
			"from": [7.5, 7, 11],
			"to": [8.5, 8, 15],
			"rotation": {"angle": 22.5, "axis": "x", "origin": [8, 7, 11]},
			"faces": {
				"north": {"uv": [8, 1.75, 8.25, 2], "texture": "#bow"},
				"east": {"uv": [7, 1.75, 8, 2], "texture": "#bow"},
				"south": {"uv": [9.25, 1.75, 9.5, 2], "texture": "#bow"},
				"west": {"uv": [8.25, 1.75, 9.25, 2], "texture": "#bow"},
				"up": {"uv": [8.25, 1.75, 8, 0.75], "texture": "#bow"},
				"down": {"uv": [8.5, 0.75, 8.25, 1.75], "texture": "#bow"}
			}
		},
		{
			"from": [6, 8, -2],
			"to": [10, 9, 0],
			"faces": {
				"north": {"uv": [7.5, 0.5, 8.5, 0.75], "texture": "#bow"},
				"east": {"uv": [7, 0.5, 7.5, 0.75], "texture": "#bow"},
				"south": {"uv": [9, 0.5, 10, 0.75], "texture": "#bow"},
				"west": {"uv": [8.5, 0.5, 9, 0.75], "texture": "#bow"},
				"up": {"uv": [8.5, 0.5, 7.5, 0], "texture": "#bow"},
				"down": {"uv": [9.5, 0, 8.5, 0.5], "texture": "#bow"}
			}
		},
		{
			"from": [9.99, 8.99, 0.01],
			"to": [6.01, 8.01, -1.99],
			"faces": {
				"north": {"uv": [9, 0.75, 10, 0.5], "texture": "#bow"},
				"east": {"uv": [8.5, 0.75, 9, 0.5], "texture": "#bow"},
				"south": {"uv": [7.5, 0.75, 8.5, 0.5], "texture": "#bow"},
				"west": {"uv": [7, 0.75, 7.5, 0.5], "texture": "#bow"},
				"up": {"uv": [8.5, 0, 9.5, 0.5], "texture": "#bow"},
				"down": {"uv": [7.5, 0.5, 8.5, 0], "texture": "#bow"}
			}
		},
		{
			"from": [0, 9.24, 0.5],
			"to": [16, 9.26, 16.5],
			"faces": {
				"up": {"uv": [8, 8, 4, 4], "texture": "#bow"},
				"down": {"uv": [12, 4, 8, 8], "texture": "#bow"}
			}
		}
	],
	"overrides": [
		{
			"predicate": {
				"pulling": 1,
				"pull": 0
			},
			"model": "item/crossbow_pulling_0"
		},
		{
			"predicate": {
				"pulling": 1,
				"pull": 0.25
			},
			"model": "item/crossbow_pulling_1"
		},
		{
			"predicate": {
				"pulling": 1,
				"pull": 0.5
			},
			"model": "item/crossbow_pulling_2"
		},
		{
			"predicate": {
				"pulling": 1,
				"pull": 0.75
			},
			"model": "item/crossbow_pulling_3"
		},
		{
			"predicate": {
				"pulling": 1,
				"pull": 1
			},
			"model": "item/crossbow_pulling_4"
		},
		{
			"predicate": {
				"charged": 1
			},
			"model": "item/crossbow_arrow"
		},
		{
			"predicate": {
				"charged": 1,
				"firework": 1
			},
			"model": "item/crossbow_firework"
		}
	],
	"gui_light": "front",
	"display": {
		"thirdperson_righthand": {
			"rotation": [0, -11.5, 0],
			"translation": [0, 0.5, 0],
			"scale": [0.825, 0.825, 0.825]
		},
		"firstperson_righthand": {
			"rotation": [0, -10, 0],
			"translation": [0.8, 1.75, 3],
			"scale": [0.5, 0.5, 0.5]
		},
		"ground": {
			"rotation": [0, 180, 0],
			"translation": [0, 2, 0],
			"scale": [0.5, 0.5, 0.5]
		},
		"gui": {
			"rotation": [90, 45, 11.5],
			"translation": [1, -1, 0],
			"scale": [0.875, 0.875, 0.875]
		},
		"head": {
			"translation": [0, 7.25, 0]
		},
		"fixed": {
			"rotation": [-90, 135, 0],
			"translation": [0.5, -0.5, 0]
		}
	}
}