{
    "parent": "item/default",
	"display": {
		"gui": {
			"rotation": [45, 22.5, -45]
		},
		"ground": {
			"rotation": [90, 0, 90],
			"translation": [0, 1, 0],
			"scale": [0.5, 0.5, 0.5]
		},
		"fixed": {
			"rotation": [0, 0, 45],
			"translation": [0, 0, -0.25]
		},
		"thirdperson_righthand": {
			"rotation": [0, 45, 0],
			"translation": [0, 3, 1],
			"scale": [0.625, 0.625, 0.625]
		},
		"firstperson_righthand": {
			"rotation": [11.25, 0, 0],
			"translation": [1, 1, 0],
			"scale": [0.625, 0.625, 0.625]
		}
	}
}