{
    "parent": "item/default_rod",
	"gui_light": "front",
	"display": {
		"thirdperson_righthand": {
			"translation": [0, 2, 1.5],
			"scale": [0.75, 0.75, 0.75]
		},
		"firstperson_righthand": {
			"rotation": [11.25, 0, 0],
			"translation": [1, 2, 0],
			"scale": [0.625, 0.625, 0.625]
		},
		"ground": {
			"rotation": [180, 180, 90],
			"translation": [0, 2, 0],
			"scale": [0.5, 0.5, 0.5]
		},
		"gui": {
			"rotation": [-102.5, 135, 102.5],
			"translation": [-0.75, -0.75, 0],
			"scale": [0.875, 0.875, 0.875]
		},
		"head": {
			"rotation": [0, -180, 0],
			"translation": [0, -5, -8.5]
		},
		"fixed": {
			"rotation": [90, -45, 90],
			"translation": [0, 0, -0.5]
		}
	}
}