{
    "gui_light": "side",
    "display": {
		"gui": {
			"rotation": [30, 225, 0]
		},
		"ground": {
			"rotation": [0, 180, 0],
			"translation": [0, 2, 0],
			"scale": [0.5, 0.5, 0.5]
		},
		"head": {
			"translation": [0, 10.25, 0]
		},
		"fixed": {
			"translation": [0, 0, -1],
			"scale": [1.25, 1.25, 1.25]
		},
        "thirdperson_righthand": {
            "rotation": [15, 135, 0],
            "translation": [0, 1, 0],
            "scale": [0.425, 0.425, 0.425]
        },
        "firstperson_righthand": {
            "rotation": [0, 135, 0],
            "translation": [0, 1, 0],
            "scale": [0.425, 0.425, 0.425]
        }
    }
}
