{
	"parent": "item/default_thin",
	"textures": {
		"fragment": "item/disc_fragment_5",
		"particle": "#fragment"
	},
	"elements": [
		{
			"from": [5.16689, 7.005, 6.58658],
			"to": [8.16689, 7.995, 9.58658],
			"rotation": {"angle": 22.5, "axis": "y", "origin": [6.16689, 8, 5.58658]},
			"faces": {
				"north": {"uv": [3, 8, 6, 9], "texture": "#fragment"},
				"east": {"uv": [0, 8, 3, 9], "texture": "#fragment"},
				"south": {"uv": [9, 8, 12, 9], "texture": "#fragment"},
				"west": {"uv": [6, 8, 9, 9], "texture": "#fragment"},
				"up": {"uv": [6, 8, 3, 5], "texture": "#fragment"},
				"down": {"uv": [9, 5, 6, 8], "texture": "#fragment"}
			}
		},
		{
			"from": [8, 7, 7.5],
			"to": [10, 8, 11.5],
			"rotation": {"angle": -22.5, "axis": "y", "origin": [12, 8, 7.5]},
			"faces": {
				"north": {"uv": [4, 4, 6, 5], "texture": "#fragment"},
				"east": {"uv": [0, 4, 4, 5], "texture": "#fragment"},
				"south": {"uv": [10, 4, 12, 5], "texture": "#fragment"},
				"west": {"uv": [6, 4, 10, 5], "texture": "#fragment"},
				"up": {"uv": [6, 4, 4, 0], "texture": "#fragment"},
				"down": {"uv": [8, 0, 6, 4], "texture": "#fragment"}
			}
		}
	],
	"display": {
		"gui": {
			"rotation": [45, 225, 0],
			"scale": [2, 2, 2]
		},
		"fixed": {
			"rotation": [-90, 45, 0],
			"translation": [0, 0, -1],
			"scale": [1.25, 1.25, 1.25]
		}
	}
}