{
	"parent": "item/default_rod",
	"textures": {
		"shard": "item/echo_shard",
		"particle": "#shard"
	},
	"elements": [
		{
			"from": [6.5, 2, 6.5],
			"to": [9.5, 14, 9.5],
			"faces": {
				"north": {"uv": [3, 3, 6, 15], "texture": "#shard"},
				"east": {"uv": [0, 3, 3, 15], "texture": "#shard"},
				"south": {"uv": [9, 3, 12, 15], "texture": "#shard"},
				"west": {"uv": [6, 3, 9, 15], "texture": "#shard"},
				"up": {"uv": [6, 3, 3, 0], "texture": "#shard"},
				"down": {"uv": [9, 0, 6, 3], "texture": "#shard"}
			}
		}
	],
	"display": {
		"ground": {
			"rotation": [90, 0, 90],
			"translation": [0, 1, 0],
			"scale": [0.5, 0.5, 0.5]
		},
		"gui": {
			"rotation": [-30, -135, -67.5],
			"scale": [1.25, 1.25, 1.25]
		},
		"thirdperson_righthand": {
			"rotation": [0, 45, 0],
			"translation": [0, 2, 1],
			"scale": [0.625, 0.625, 0.625]
		},
		"fixed": {
			"rotation": [0, 0, -45],
			"scale": [1.25, 1.25, 1.25]
		}
	}
}