{
	"parent": "item/default",
	"textures": {
		"egg": "item/egg",
		"particle": "#egg"
	},
	"elements": [
		{
			"from": [6, 5, 6],
			"to": [10, 11, 10],
			"faces": {
				"north": {"uv": [4, 4, 8, 10], "texture": "#egg"},
				"east": {"uv": [0, 4, 4, 10], "texture": "#egg"},
				"south": {"uv": [12, 4, 16, 10], "texture": "#egg"},
				"west": {"uv": [8, 4, 12, 10], "texture": "#egg"},
				"up": {"uv": [8, 4, 4, 0], "texture": "#egg"},
				"down": {"uv": [12, 0, 8, 4], "texture": "#egg"}
			}
		}
	],
	"display": {
		"gui": {
			"rotation": [30, 225, 0],
			"scale": [1.375, 1.375, 1.375]
		},
		"head": {
			"translation": [0, 9.25, 0]
		}
	}
}