{
	"parent": "item/default",
	"textures": {
		"emerald": "item/emerald",
		"particle": "#emerald"
	},
	"elements": [
		{
			"from": [6, 11, 7],
			"to": [10, 12, 9],
			"faces": {
				"north": {"uv": [1, 1, 3, 1.5], "texture": "#emerald"},
				"east": {"uv": [0, 1, 1, 1.5], "texture": "#emerald"},
				"south": {"uv": [4, 1, 6, 1.5], "texture": "#emerald"},
				"west": {"uv": [3, 1, 4, 1.5], "texture": "#emerald"},
				"up": {"uv": [3, 1, 1, 0], "texture": "#emerald"},
				"down": {"uv": [5, 0, 3, 1], "texture": "#emerald"}
			}
		},
		{
			"from": [6, 4, 7],
			"to": [10, 5, 9],
			"faces": {
				"north": {"uv": [1, 2.5, 3, 3], "texture": "#emerald"},
				"east": {"uv": [0, 2.5, 1, 3], "texture": "#emerald"},
				"south": {"uv": [4, 2.5, 6, 3], "texture": "#emerald"},
				"west": {"uv": [3, 2.5, 4, 3], "texture": "#emerald"},
				"up": {"uv": [3, 2.5, 1, 1.5], "texture": "#emerald"},
				"down": {"uv": [5, 1.5, 3, 2.5], "texture": "#emerald"}
			}
		},
		{
			"from": [6, 5, 6],
			"to": [10, 11, 10],
			"faces": {
				"north": {"uv": [2, 5, 4, 8], "texture": "#emerald"},
				"east": {"uv": [0, 5, 2, 8], "texture": "#emerald"},
				"south": {"uv": [6, 5, 8, 8], "texture": "#emerald"},
				"west": {"uv": [4, 5, 6, 8], "texture": "#emerald"},
				"up": {"uv": [4, 5, 2, 3], "texture": "#emerald"},
				"down": {"uv": [6, 3, 4, 5], "texture": "#emerald"}
			}
		},
		{
			"from": [5, 5, 7],
			"to": [11, 11, 9],
			"faces": {
				"north": {"uv": [7, 1, 10, 4], "texture": "#emerald"},
				"east": {"uv": [6, 1, 7, 4], "texture": "#emerald"},
				"south": {"uv": [11, 1, 14, 4], "texture": "#emerald"},
				"west": {"uv": [10, 1, 11, 4], "texture": "#emerald"},
				"up": {"uv": [10, 1, 7, 0], "texture": "#emerald"},
				"down": {"uv": [13, 0, 10, 1], "texture": "#emerald"}
			}
		}
	],
	"display": {
		"gui": {
			"rotation": [30, 225, 0],
			"scale": [1.25, 1.25, 1.25]
		},
		"head": {
			"translation": [0, 14, 0]
		}
	}
}