{
	"parent": "item/book",
	"textures": {
		"book": "item/enchanted_book"
	},
	"elements": [
		{
			"from": [5, 7, 3],
			"to": [11, 7.01, 13],
			"faces": {
				"up": {"uv": [0, 0, 1.5, 5], "texture": "#book"},
				"down": {"uv": [1.5, 0, 3, 5], "rotation": 180, "texture": "#book"}
			}
		},
		{
			"from": [5, 8.99, 3],
			"to": [11, 9, 13],
			"faces": {
				"up": {"uv": [5.5, 0, 7, 5], "texture": "#book"},
				"down": {"uv": [4, 0, 5.5, 5], "rotation": 180, "texture": "#book"}
			}
		},
		{
			"from": [10.99, 7, 3],
			"to": [11, 9, 13],
			"faces": {
				"east": {"uv": [3, 0, 3.5, 5], "rotation": 90, "texture": "#book"},
				"west": {"uv": [3.5, 0, 4, 5], "rotation": 90, "texture": "#book"}
			}
		},
		{
			"from": [6, 8, 4],
			"to": [11, 9, 12],
			"faces": {
				"north": {"uv": [4.5, 5, 5.75, 5.5], "rotation": 180, "texture": "#book"},
				"south": {"uv": [3.25, 5, 4.5, 5.5], "rotation": 180, "texture": "#book"},
				"west": {"uv": [3, 5.5, 3.25, 9.5], "texture": "#book"}
			}
		},
		{
			"from": [6, 7, 4],
			"to": [11, 8, 12],
			"faces": {
				"north": {"uv": [1.5, 5, 2.75, 5.5], "rotation": 180, "texture": "#book"},
				"south": {"uv": [0.25, 5, 1.5, 5.5], "rotation": 180, "texture": "#book"},
				"west": {"uv": [0, 5.5, 0.25, 9.5], "rotation": 180, "texture": "#book"}
			}
		},
		{
			"from": [5, 7, 3],
			"to": [5.01, 9, 13],
			"faces": {
				"east": {"uv": [7, 0, 7.5, 5], "rotation": 90, "texture": "#book"},
				"west": {"uv": [7.5, 0, 8, 5], "rotation": 90, "texture": "#book"}
			}
		}
	]
}