{
	"parent": "item/default",
	"textures": {
		"eye": "item/fermented_spider_eye",
		"particle": "#eye"
	},
	"elements": [
		{
			"from": [6, 7, 6],
			"to": [10, 11, 10],
			"faces": {
				"north": {"uv": [4, 4, 8, 8], "texture": "#eye"},
				"east": {"uv": [0, 4, 4, 8], "texture": "#eye"},
				"south": {"uv": [12, 4, 16, 8], "texture": "#eye"},
				"west": {"uv": [8, 4, 12, 8], "texture": "#eye"},
				"up": {"uv": [8, 4, 4, 0], "texture": "#eye"},
				"down": {"uv": [12, 0, 8, 4], "texture": "#eye"}
			}
		},
		{
			"from": [6, 3, 7.99],
			"to": [10, 7, 8.01],
			"rotation": {"angle": -45, "axis": "y", "origin": [8, 7, 8]},
			"faces": {
				"north": {"uv": [0, 8, 4, 12], "texture": "#eye"},
				"south": {"uv": [4, 8, 8, 12], "texture": "#eye"}
			}
		},
		{
			"from": [6, 3, 7.99],
			"to": [10, 7, 8.01],
			"rotation": {"angle": 45, "axis": "y", "origin": [8, 7, 8]},
			"faces": {
				"north": {"uv": [8, 8, 12, 12], "texture": "#eye"},
				"south": {"uv": [12, 8, 16, 12], "texture": "#eye"}
			}
		}
	],
	"display": {
		"gui": {
			"rotation": [30, 225, 0],
			"scale": [1.5, 1.5, 1.5]
		},
		"head": {
			"rotation": [22.5, 45, -180],
			"translation": [-3.25, -3.5, -7.5]
		}
	}
}