{
	"parent": "item/default_rod",
	"textures": {
		"rocket": "item/firework_rocket",
		"particle": "#rocket"
	},
	"elements": [
		{
			"from": [6.5, 3, 6.5],
			"to": [9.5, 14, 9.5],
			"faces": {
				"north": {"uv": [1.5, 1.5, 3, 7], "texture": "#rocket"},
				"east": {"uv": [0, 1.5, 1.5, 7], "texture": "#rocket"},
				"south": {"uv": [4.5, 1.5, 6, 7], "texture": "#rocket"},
				"west": {"uv": [3, 1.5, 4.5, 7], "texture": "#rocket"},
				"up": {"uv": [3, 1.5, 1.5, 0], "texture": "#rocket"},
				"down": {"uv": [4.5, 0, 3, 1.5], "texture": "#rocket"}
			}
		},
		{
			"from": [7.5, 14, 7.5],
			"to": [8.5, 15, 8.5],
			"faces": {
				"north": {"uv": [5, 0.5, 5.5, 1], "texture": "#rocket"},
				"east": {"uv": [4.5, 0.5, 5, 1], "texture": "#rocket"},
				"south": {"uv": [6, 0.5, 6.5, 1], "texture": "#rocket"},
				"west": {"uv": [5.5, 0.5, 6, 1], "texture": "#rocket"},
				"up": {"uv": [5.5, 0.5, 5, 0], "texture": "#rocket"},
				"down": {"uv": [6, 0, 5.5, 0.5], "texture": "#rocket"}
			}
		},
		{
			"from": [5.5, 11, 5.5],
			"to": [10.5, 13, 10.5],
			"faces": {
				"north": {"uv": [8.5, 2.5, 11, 3.5], "texture": "#rocket"},
				"east": {"uv": [6, 2.5, 8.5, 3.5], "texture": "#rocket"},
				"south": {"uv": [13.5, 2.5, 16, 3.5], "texture": "#rocket"},
				"west": {"uv": [11, 2.5, 13.5, 3.5], "texture": "#rocket"},
				"up": {"uv": [11, 2.5, 8.5, 0], "texture": "#rocket"},
				"down": {"uv": [13.5, 0, 11, 2.5], "texture": "#rocket"}
			}
		},
		{
			"from": [2.5, 0, 7.99],
			"to": [10.5, 3, 8.01],
			"rotation": {"angle": -45, "axis": "y", "origin": [8, 2, 8]},
			"faces": {
				"north": {"uv": [6, 3.5, 10, 5], "texture": "#rocket"},
				"south": {"uv": [10, 3.5, 14, 5], "texture": "#rocket"}
			}
		}
	],
	"display": {
		"firstperson_righthand": {
			"rotation": [11.25, 0, 0],
			"translation": [1, 1, 0],
			"scale": [0.625, 0.625, 0.625]
		},
		"ground": {
			"rotation": [0, 180, 0],
			"translation": [0, 2, 0],
			"scale": [0.5, 0.5, 0.5]
		},
		"gui": {
			"rotation": [30, 225, 0],
			"translation": [0, 0.25, 0],
			"scale": [1.125, 1.125, 1.125]
		},
		"head": {
			"rotation": [0, 180, 0],
			"translation": [0, 0, 8]
		},
		"fixed": {
			"rotation": [0, 45, 0],
			"translation": [0, 0, -0.5],
			"scale": [1.25, 1.25, 1.25]
		}
	}
}