{
	"parent": "item/default_weapon",
	"textures": {
		"rod": "item/fishing_rod",
		"particle": "#rod"
	},
	"elements": [
		{
			"from": [7, -4, 7],
			"to": [9, 20, 9],
			"faces": {
				"north": {"uv": [0.5, 0.5, 1, 6.5], "texture": "#rod"},
				"east": {"uv": [0, 0.5, 0.5, 6.5], "texture": "#rod"},
				"south": {"uv": [1.5, 0.5, 2, 6.5], "texture": "#rod"},
				"west": {"uv": [1, 0.5, 1.5, 6.5], "texture": "#rod"},
				"up": {"uv": [1, 0.5, 0.5, 0], "texture": "#rod"},
				"down": {"uv": [1.5, 0, 1, 0.5], "texture": "#rod"}
			}
		},
		{
			"from": [6.5, 0, 4],
			"to": [9.5, 3, 7],
			"rotation": {"angle": -45, "axis": "x", "origin": [8, 1.5, 5.5]},
			"faces": {
				"north": {"uv": [0.75, 7.25, 1.5, 8], "texture": "#rod"},
				"east": {"uv": [0, 7.25, 0.75, 8], "texture": "#rod"},
				"south": {"uv": [2.25, 7.25, 3, 8], "texture": "#rod"},
				"west": {"uv": [1.5, 7.25, 2.25, 8], "texture": "#rod"},
				"up": {"uv": [1.5, 7.25, 0.75, 6.5], "texture": "#rod"},
				"down": {"uv": [2.25, 6.5, 1.5, 7.25], "texture": "#rod"}
			}
		},
		{
			"from": [7.99, -5, -4],
			"to": [8.01, 19, 20],
			"rotation": {"angle": 45, "axis": "x", "origin": [8, 8, 8]},
			"faces": {
				"east": {"uv": [2, 0, 8, 6], "texture": "#rod"},
				"west": {"uv": [8, 0, 14, 6], "texture": "#rod"}
			}
		}
	],
	"overrides": [
		{
			"predicate": {
				"cast": 1
			},
			"model": "item/fishing_rod_cast"
		}
	],
	"display": {
		"thirdperson_righthand": {
			"rotation": [11.25, 0, 0],
			"translation": [0, 4, 1.5],
			"scale": [0.85, 0.85, 0.85]
		},
		"firstperson_righthand": {
			"rotation": [-22.5, 0, 0],
			"translation": [1, 1.5, 1.13],
			"scale": [0.625, 0.625, 0.625]
		},
		"ground": {
			"rotation": [0, 180, 90],
			"translation": [0, 2, 0],
			"scale": [0.5, 0.5, 0.5]
		},
		"gui": {
			"rotation": [-90, -45, -101.5],
			"translation": [0, 0.5, 0],
			"scale": [0.8125, 0.8125, 0.8125]
		},
		"head": {
			"rotation": [-45, 0, 0],
			"translation": [0, 11.5, -11]
		},
		"fixed": {
			"rotation": [-90, 45, 90],
			"translation": [0, 0, -0.5]
		}
	}
}