{
	"parent": "block/glow_item_frame",
    "gui_light": "front",
	"display": {
		"gui": {
			"rotation": [30, -150, 0],
			"translation": [4, -3, 6]
		},
		"ground": {
			"translation": [0, 2, -3],
			"scale": [0.375, 0.375, 0.375]
		},
		"head": {
			"translation": [0, 0, -14.5]
		},
		"fixed": {
			"translation": [0, 0, -8]
		},
		"thirdperson_righthand": {
			"rotation": [0, 150, 0],
			"translation": [-2, 1, 3],
			"scale": [0.5, 0.5, 0.5]
		},
		"firstperson_righthand": {
			"rotation": [0, 135, 0],
			"scale": [0.4, 0.4, 0.4]
		}
	}
}