{
	"parent": "block/glow_lichen",
    "gui_light": "front",
    "display": {
		"gui": {
			"rotation": [30, 30, 0],
            "translation": [ 3, -2.5, 5],
			"scale": [0.875, 0.875, 0.875]
		},
        "ground": {
            "rotation": [ 0, 0, 0 ],
            "translation": [ 0, 3, 2],
            "scale":[ 0.25, 0.25, 0.25 ]
        },
		"fixed": {
			"rotation": [0, 180, 0],
			"translation": [0, 0, -8]
		},
        "thirdperson_righthand": {
            "rotation": [ 75, 135, 0 ],
            "translation": [ 1.5, 4, 0],
            "scale": [ 0.375, 0.375, 0.375 ]
        },
        "firstperson_righthand": {
            "rotation": [ 0, -45, 0 ],
            "translation": [ 0, 2, 0 ],
            "scale": [ 0.40, 0.40, 0.40 ]
        }
    }
}