{
	"parent": "item/default",
	"textures": {
		"berries": "item/glow_berries",
		"particle": "#berries"
	},
	"elements": [
		{
			"from": [7.5, 5, 7],
			"to": [11.5, 9, 11],
			"faces": {
				"north": {"uv": [2, 2, 4, 4], "texture": "#berries"},
				"east": {"uv": [0, 2, 2, 4], "texture": "#berries"},
				"south": {"uv": [6, 2, 8, 4], "texture": "#berries"},
				"west": {"uv": [4, 2, 6, 4], "texture": "#berries"},
				"up": {"uv": [4, 2, 2, 0], "texture": "#berries"},
				"down": {"uv": [6, 0, 4, 2], "texture": "#berries"}
			}
		},
		{
			"from": [4.5, 4, 5],
			"to": [7.5, 7, 8],
			"faces": {
				"north": {"uv": [9.5, 1.5, 11, 3], "texture": "#berries"},
				"east": {"uv": [8, 1.5, 9.5, 3], "texture": "#berries"},
				"south": {"uv": [12.5, 1.5, 14, 3], "texture": "#berries"},
				"west": {"uv": [11, 1.5, 12.5, 3], "texture": "#berries"},
				"up": {"uv": [11, 1.5, 9.5, 0], "texture": "#berries"},
				"down": {"uv": [12.5, 0, 11, 1.5], "texture": "#berries"}
			}
		},
		{
			"from": [3.75, 7, 7.49],
			"to": [9.75, 13, 7.51],
			"rotation": {"angle": -45, "axis": "y", "origin": [7.5, 7, 7]},
			"faces": {
				"north": {"uv": [0, 4, 3, 7], "texture": "#berries"},
				"south": {"uv": [3, 4, 6, 7], "texture": "#berries"}
			}
		}
	],
	"display": {
		"gui": {
			"rotation": [30, 225, 0],
			"scale": [1.5, 1.5, 1.5]
		},
		"head": {
			"translation": [0, 9.5, 0]
		}
	}
}