{
	"parent": "item/default",
	"textures": {
		"horn": "item/goat_horn",
		"particle": "#horn"
	},
	"elements": [
		{
			"from": [4, 6, 7],
			"to": [12, 8, 9],
			"faces": {
				"north": {"uv": [1, 1, 5, 2], "texture": "#horn"},
				"east": {"uv": [0, 1, 1, 2], "texture": "#horn"},
				"south": {"uv": [6, 1, 10, 2], "texture": "#horn"},
				"west": {"uv": [5, 1, 6, 2], "texture": "#horn"},
				"up": {"uv": [5, 1, 1, 0], "texture": "#horn"},
				"down": {"uv": [9, 0, 5, 1], "texture": "#horn"}
			}
		},
		{
			"from": [11, 8, 7.5],
			"to": [12, 9, 8.5],
			"faces": {
				"north": {"uv": [5, 2.5, 5.5, 3], "texture": "#horn"},
				"east": {"uv": [4.5, 2.5, 5, 3], "texture": "#horn"},
				"south": {"uv": [6, 2.5, 6.5, 3], "texture": "#horn"},
				"west": {"uv": [5.5, 2.5, 6, 3], "texture": "#horn"},
				"up": {"uv": [5.5, 2.5, 5, 2], "texture": "#horn"},
				"down": {"uv": [6, 2, 5.5, 2.5], "texture": "#horn"}
			}
		},
		{
			"from": [3.99, 7, 6.5],
			"to": [6.99, 10, 9.5],
			"faces": {
				"north": {"uv": [1.5, 3.5, 3, 5], "texture": "#horn"},
				"east": {"uv": [0, 3.5, 1.5, 5], "texture": "#horn"},
				"south": {"uv": [4.5, 3.5, 6, 5], "texture": "#horn"},
				"west": {"uv": [3, 3.5, 4.5, 5], "texture": "#horn"},
				"up": {"uv": [3, 3.5, 1.5, 2], "texture": "#horn"},
				"down": {"uv": [4.5, 2, 3, 3.5], "texture": "#horn"}
			}
		}
	],
	"overrides": [
		{
			"predicate": {
				"tooting": 1
			},
			"model": "item/tooting_goat_horn"
		}
	],
	"display": {
		"thirdperson_righthand": {
			"rotation": [0, 225, 0],
			"translation": [0, 1, 0],
			"scale": [0.75, 0.75, 0.75]
		},
		"thirdperson_lefthand": {
			"rotation": [0, 45, 0],
			"translation": [0, 1, 0],
			"scale": [0.75, 0.75, 0.75]
		},
		"firstperson_righthand": {
			"rotation": [0, -45, 0],
			"translation": [0, 1, 0],
			"scale": [0.75, 0.75, 0.75]
		},
		"firstperson_lefthand": {
			"rotation": [0, 135, 0],
			"translation": [0, 1, 0],
			"scale": [0.75, 0.75, 0.75]
		},
		"ground": {
			"rotation": [0, 180, 0],
			"translation": [0, 2, 0],
			"scale": [0.625, 0.625, 0.625]
		},
		"gui": {
			"rotation": [22.5, -45, 0],
			"scale": [1.75, 1.75, 1.75]
		},
		"head": {
			"rotation": [90, 90, 0],
			"translation": [0, 8, -8]
		},
		"fixed": {
			"translation": [0, 0, -1],
			"scale": [1.25, 1.25, 1.25]
		}
	}
}