{
	"parent": "item/default",
	"textures": {
		"nugget": "item/gold_nugget",
		"particle": "#nugget"
	},
	"elements": [
		{
			"from": [6.5, 7, 6.5],
			"to": [9.5, 10, 9.5],
			"faces": {
				"north": {"uv": [3, 3, 6, 6], "texture": "#nugget"},
				"east": {"uv": [0, 3, 3, 6], "texture": "#nugget"},
				"south": {"uv": [9, 3, 12, 6], "texture": "#nugget"},
				"west": {"uv": [6, 3, 9, 6], "texture": "#nugget"},
				"up": {"uv": [6, 3, 3, 0], "texture": "#nugget"},
				"down": {"uv": [9, 0, 6, 3], "texture": "#nugget"}
			}
		},
		{
			"from": [6.5, 5, 6.5],
			"to": [8.5, 7, 8.5],
			"faces": {
				"north": {"uv": [2, 8, 4, 10], "texture": "#nugget"},
				"east": {"uv": [0, 8, 2, 10], "texture": "#nugget"},
				"south": {"uv": [6, 8, 8, 10], "texture": "#nugget"},
				"west": {"uv": [4, 8, 6, 10], "texture": "#nugget"},
				"up": {"uv": [4, 8, 2, 6], "texture": "#nugget"},
				"down": {"uv": [6, 6, 4, 8], "texture": "#nugget"}
			}
		}
	],
	"display": {
		"head": {
			"translation": [ 0, 9.25, 0 ]
		},
		"gui": {
			"rotation": [30, 225, 0],
			"translation": [0, 0, 0],
			"scale": [1.375, 1.375, 1.375]
		}
	}
}